plant_code,plant_name,state,nameplate_mw,distance_km,nearest_plant,capacity_w,transport_mode,freight_cost_per_w,total_freight_cost,co2_emissions_tons,carbon_cost,distance_bin
645,Big Bend,FL,19.8,888.0,Alabama,19800000.0,Rail,0.003552,70329.6,386.8128,32879.087999999996,500-1000km
6081,Stony Brook,MA,6.9,910.3,Ohio,6900000.0,Rail,0.0036412,25124.28,138.18354,11745.6009,500-1000km
10444,"Lockhart Solar PV, LLC",CA,100.4,2455.1,Louisiana,100400000.0,Rail,0.0098204,985968.16,5422.82488,460940.1148,2000-3000km
56875,Sacramento Soleil LLC,CA,1.0,2846.3,Louisiana,1000000.0,Rail,0.0113852,11385.2,62.6186,5322.581,2000-3000km
56877,Hall's Warehouse Solar Project,NJ,1.6,770.7,Ohio,1600000.0,Rail,0.0030828,4932.4800000000005,27.12864,2305.9344,500-1000km
56917,"Imperial Valley Solar, LLC",CA,101.0,2275.0,Louisiana,101000000.0,Rail,0.0091,919100.0,5055.049999999999,429679.24999999994,2000-3000km
56917,"Imperial Valley Solar, LLC",CA,64.6,2275.0,Louisiana,64599999.99999999,Rail,0.0091,587860.0,3233.23,274824.55,2000-3000km
56917,"Imperial Valley Solar, LLC",CA,34.3,2275.0,Louisiana,34300000.0,Rail,0.0091,312130.0,1716.715,145920.775,2000-3000km
56939,Solar Blythe LLC,CA,21.0,2201.6,Louisiana,21000000.0,Rail,0.008806399999999999,184934.39999999997,1017.1392,86456.832,2000-3000km
56944,CM10,NV,10.0,2254.8,Louisiana,10000000.0,Rail,0.0090192,90192.0,496.056,42164.76,2000-3000km
57008,SunEdison Procter & Gamble Oxnard,CA,1.0,2609.8,Louisiana,1000000.0,Rail,0.010439200000000001,10439.2,57.4156,4880.326,2000-3000km
57197,Blue Wing Solar Energy Generation,TX,13.9,642.1,Louisiana,13900000.0,Rail,0.0025683999999999998,35700.759999999995,196.35418,16690.105300000003,500-1000km
57202,Jacksonville Solar,FL,12.6,690.4,Alabama,12600000.0,Rail,0.0027616,34796.159999999996,191.37887999999998,16267.204799999998,500-1000km
57203,Wyandot Solar Farm,OH,10.0,79.7,Ohio,10000000.0,Truck,0.0006376,6376.0,54.196000000000005,4606.660000000001,0-500km
57205,CM48,NV,8.0,2254.7,Louisiana,8000000.0,Rail,0.009018799999999999,72150.4,396.82719999999995,33730.312,2000-3000km
57205,CM48,NV,10.0,2254.7,Louisiana,10000000.0,Rail,0.009018799999999999,90187.99999999999,496.034,42162.89,2000-3000km
57205,CM48,NV,10.0,2254.7,Louisiana,10000000.0,Rail,0.009018799999999999,90187.99999999999,496.034,42162.89,2000-3000km
57205,CM48,NV,10.0,2254.7,Louisiana,10000000.0,Rail,0.009018799999999999,90187.99999999999,496.034,42162.89,2000-3000km
57205,CM48,NV,10.0,2254.7,Louisiana,10000000.0,Rail,0.009018799999999999,90187.99999999999,496.034,42162.89,2000-3000km
57243,Cimarron Solar Facility,NM,30.6,1394.6,Louisiana,30600000.0,Rail,0.005578399999999999,170699.03999999998,938.8447199999999,79801.8012,1000-1500km
57295,Alpine Solar,CA,66.0,2556.8,Louisiana,66000000.0,Rail,0.0102272,674995.2000000001,3712.4736000000003,315560.256,2000-3000km
57338,Roadrunner Solar,NM,20.2,1433.0,Louisiana,20200000.0,Rail,0.005732,115786.40000000001,636.8251999999999,54130.14199999999,1000-1500km
57367,Pocono Solar Project,PA,2.7,668.5,Ohio,2700000.0,Rail,0.0026739999999999997,7219.799999999999,39.7089,3375.2565,500-1000km
57373,Agua Caliente Solar Project,AZ,90.7,2081.0,Louisiana,90700000.0,Rail,0.008324,754986.7999999999,4152.4274,352956.32899999997,2000-3000km
57373,Agua Caliente Solar Project,AZ,136.0,2081.0,Louisiana,136000000.0,Rail,0.008324,1132064.0,6226.352,529239.92,2000-3000km
57373,Agua Caliente Solar Project,AZ,121.0,2081.0,Louisiana,121000000.0,Rail,0.008324,1007204.0,5539.621999999999,470867.86999999994,2000-3000km
57378,AV Solar Ranch One,CA,253.0,2549.5,Louisiana,253000000.0,Rail,0.010197999999999999,2580093.9999999995,14190.517,1206193.945,2000-3000km
57442,Silver State Solar Power North,NV,52.0,2286.6,Louisiana,52000000.0,Rail,0.009146399999999999,475612.79999999993,2615.8704,222348.984,2000-3000km
57490,Imperial Solar Energy Center South,CA,128.9,2281.7,Louisiana,128900000.0,Rail,0.0091268,1176444.5199999998,6470.44486,549987.8130999999,2000-3000km
57491,Imperial Solar Energy Center West,CA,148.7,2293.3,Louisiana,148700000.0,Rail,0.009173200000000001,1364054.84,7502.30162,637695.6377,2000-3000km
57562,Paloma Solar Hybrid,AZ,17.0,2003.8,Louisiana,17000000.0,Rail,0.0080152,136258.4,749.4211999999999,63700.80199999999,2000-3000km
57567,Albuquerque Solar Energy Center,NM,2.0,1501.2,Louisiana,2000000.0,Rail,0.0060048,12009.6,66.0528,5614.488,1500-2000km
57571,Los Lunas Solar Energy Center,NM,5.0,1504.8,Louisiana,5000000.0,Rail,0.0060192,30096.0,165.528,14069.88,1500-2000km
57571,Los Lunas Solar Energy Center,NM,2.0,1504.8,Louisiana,2000000.0,Rail,0.0060192,12038.4,66.21119999999999,5627.951999999999,1500-2000km
57575,Deming Solar Energy Center,NM,5.0,1537.6,Louisiana,5000000.0,Rail,0.0061503999999999994,30751.999999999996,169.136,14376.56,1500-2000km
57575,Deming Solar Energy Center,NM,4.0,1537.6,Louisiana,4000000.0,Rail,0.0061503999999999994,24601.6,135.3088,11501.248,1500-2000km
57576,Las Vegas Solar Energy Center,NM,5.0,1401.8,Louisiana,5000000.0,Rail,0.0056072,28036.0,154.19799999999998,13106.829999999998,1000-1500km
57577,Alamogordo Solar Energy Center,NM,5.0,1384.7,Louisiana,5000000.0,Rail,0.0055388,27694.0,152.31699999999998,12946.944999999998,1000-1500km
57579,Robert O Schulz Solar Farm,CA,0.4,2811.4,Louisiana,400000.0,Rail,0.0112456,4498.24,24.740320000000004,2102.9272000000005,2000-3000km
57657,Avra Valley Solar,AZ,25.0,1870.5,Louisiana,25000000.0,Rail,0.007482,187050.0,1028.7749999999999,87445.87499999999,1500-2000km
57669,SMUD at Grundman,CA,17.0,2865.9,Louisiana,17000000.0,Rail,0.0114636,194881.19999999998,1071.8466,91106.96100000001,2000-3000km
57670,SMUD at Van Conett,CA,2.9,2852.2,Louisiana,2900000.0,Rail,0.011408799999999998,33085.52,181.97035999999997,15467.480599999997,2000-3000km
57671,SMUD at Fleshman,CA,2.9,2857.0,Louisiana,2900000.0,Rail,0.011427999999999999,33141.2,182.27659999999997,15493.510999999999,2000-3000km
57695,Topaz Solar Farm,CA,129.8,2704.3,Louisiana,129800000.00000001,Rail,0.0108172,1404072.5600000003,7722.399080000001,656403.9218000001,2000-3000km
57695,Topaz Solar Farm,CA,151.2,2704.3,Louisiana,151200000.0,Rail,0.0108172,1635560.6400000001,8995.583519999998,764624.5991999998,2000-3000km
57695,Topaz Solar Farm,CA,102.1,2704.3,Louisiana,102100000.0,Rail,0.0108172,1104436.12,6074.39866,516323.8861,2000-3000km
57695,Topaz Solar Farm,CA,90.3,2704.3,Louisiana,90300000.0,Rail,0.0108172,976793.16,5372.36238,456650.8023,2000-3000km
57695,Topaz Solar Farm,CA,112.5,2704.3,Louisiana,112500000.0,Rail,0.0108172,1216935.0,6693.1425,568917.1125,2000-3000km
57708,Catalina Solar LLC,CA,110.0,2542.8,Louisiana,110000000.0,Rail,0.0101712,1118832.0,6153.576,523053.96,2000-3000km
57753,SMUD at Lawrence,CA,1.0,2867.0,Louisiana,1000000.0,Rail,0.011467999999999999,11467.999999999998,63.074,5361.29,2000-3000km
57758,Mount Saint Mary's,MD,13.7,561.6,Ohio,13700000.0,Rail,0.0022464,30775.68,169.26623999999998,14387.630399999998,500-1000km
57859,Moapa Southern Paiute,NV,250.0,2251.2,Louisiana,250000000.0,Rail,0.009004799999999999,2251199.9999999995,12381.599999999999,1052435.9999999998,2000-3000km
57993,"Desert Sunlight 300, LLC",CA,40.3,2263.5,Louisiana,40300000.0,Rail,0.009054,364876.19999999995,2006.8190999999997,170579.6235,2000-3000km
57993,"Desert Sunlight 300, LLC",CA,30.2,2263.5,Louisiana,30200000.0,Rail,0.009054,273430.8,1503.8693999999998,127828.89899999999,2000-3000km
57993,"Desert Sunlight 300, LLC",CA,20.2,2263.5,Louisiana,20200000.0,Rail,0.009054,182890.8,1005.8993999999999,85501.449,2000-3000km
57993,"Desert Sunlight 300, LLC",CA,40.3,2263.5,Louisiana,40300000.0,Rail,0.009054,364876.19999999995,2006.8190999999997,170579.6235,2000-3000km
57993,"Desert Sunlight 300, LLC",CA,40.3,2263.5,Louisiana,40300000.0,Rail,0.009054,364876.19999999995,2006.8190999999997,170579.6235,2000-3000km
57993,"Desert Sunlight 300, LLC",CA,30.2,2263.5,Louisiana,30200000.0,Rail,0.009054,273430.8,1503.8693999999998,127828.89899999999,2000-3000km
57993,"Desert Sunlight 300, LLC",CA,25.2,2263.5,Louisiana,25200000.0,Rail,0.009054,228160.8,1254.8844,106665.174,2000-3000km
57993,"Desert Sunlight 300, LLC",CA,25.2,2263.5,Louisiana,25200000.0,Rail,0.009054,228160.8,1254.8844,106665.174,2000-3000km
57993,"Desert Sunlight 300, LLC",CA,20.2,2263.5,Louisiana,20200000.0,Rail,0.009054,182890.8,1005.8993999999999,85501.449,2000-3000km
57993,"Desert Sunlight 300, LLC",CA,18.9,2263.5,Louisiana,18900000.0,Rail,0.009054,171120.6,941.1632999999998,79998.88049999998,2000-3000km
57993,"Desert Sunlight 300, LLC",CA,22.7,2263.5,Louisiana,22700000.0,Rail,0.009054,205525.8,1130.3918999999999,96083.31149999998,2000-3000km
58017,Copper Mountain Solar 2,NV,30.0,2252.1,Louisiana,30000000.0,Rail,0.0090084,270252.0,1486.386,126342.81,2000-3000km
58017,Copper Mountain Solar 2,NV,30.0,2252.1,Louisiana,30000000.0,Rail,0.0090084,270252.0,1486.386,126342.81,2000-3000km
58017,Copper Mountain Solar 2,NV,34.0,2252.1,Louisiana,34000000.0,Rail,0.0090084,306285.6,1684.5707999999997,143188.51799999998,2000-3000km
58017,Copper Mountain Solar 2,NV,30.0,2252.1,Louisiana,30000000.0,Rail,0.0090084,270252.0,1486.386,126342.81,2000-3000km
58017,Copper Mountain Solar 2,NV,30.0,2252.1,Louisiana,30000000.0,Rail,0.0090084,270252.0,1486.386,126342.81,2000-3000km
58281,Lanikuhana Solar LLC,HI,14.7,6615.8,Louisiana,14700000.0,Rail,0.0264632,389009.04,2139.54972,181861.7262,3000+km
58381,Bryan Solar Field,OH,2.1,80.3,Ohio,2100000.0,Truck,0.0006424,1349.04,11.466840000000001,974.6814,0-500km
58408,Maryland Solar,MD,27.0,538.1,Ohio,27000000.0,Rail,0.0021524,58114.8,319.6314,27168.668999999998,500-1000km
58462,McCoy Solar Energy Project Hybrid,CA,41.9,2202.0,Louisiana,41900000.0,Rail,0.008808,369055.2,2029.8036,172533.30599999998,2000-3000km
58462,McCoy Solar Energy Project Hybrid,CA,21.0,2202.0,Louisiana,21000000.0,Rail,0.008808,184968.0,1017.324,86472.54,2000-3000km
58462,McCoy Solar Energy Project Hybrid,CA,39.6,2202.0,Louisiana,39600000.0,Rail,0.008808,348796.8,1918.3823999999997,163062.504,2000-3000km
58462,McCoy Solar Energy Project Hybrid,CA,31.4,2202.0,Louisiana,31400000.0,Rail,0.008808,276571.2,1521.1416,129297.036,2000-3000km
58462,McCoy Solar Energy Project Hybrid,CA,31.4,2202.0,Louisiana,31400000.0,Rail,0.008808,276571.2,1521.1416,129297.036,2000-3000km
58462,McCoy Solar Energy Project Hybrid,CA,26.9,2202.0,Louisiana,26900000.0,Rail,0.008808,236935.19999999998,1303.1435999999999,110767.20599999999,2000-3000km
58462,McCoy Solar Energy Project Hybrid,CA,41.9,2202.0,Louisiana,41900000.0,Rail,0.008808,369055.2,2029.8036,172533.30599999998,2000-3000km
58462,McCoy Solar Energy Project Hybrid,CA,36.5,2202.0,Louisiana,36500000.0,Rail,0.008808,321492.0,1768.206,150297.50999999998,2000-3000km
58467,Campo Verde Solar,CA,147.4,2288.3,Louisiana,147400000.0,Rail,0.0091532,1349181.68,7420.49924,630742.4354,2000-3000km
58520,Otero Solar,NM,8.0,1384.2,Louisiana,8000000.0,Rail,0.0055368,44294.399999999994,243.6192,20707.632,1000-1500km
58521,Manzano Solar,NM,8.4,1491.7,Louisiana,8400000.0,Rail,0.0059667999999999995,50121.119999999995,275.66616,23431.6236,1000-1500km
58542,"Desert Sunlight 250, LLC",CA,39.1,2263.4,Louisiana,39100000.0,Rail,0.0090536,353995.76,1946.97668,165493.0178,2000-3000km
58542,"Desert Sunlight 250, LLC",CA,39.1,2263.4,Louisiana,39100000.0,Rail,0.0090536,353995.76,1946.97668,165493.0178,2000-3000km
58542,"Desert Sunlight 250, LLC",CA,26.5,2263.4,Louisiana,26500000.0,Rail,0.0090536,239920.4,1319.5622,112162.78700000001,2000-3000km
58542,"Desert Sunlight 250, LLC",CA,13.9,2263.4,Louisiana,13900000.0,Rail,0.0090536,125845.04000000001,692.14772,58832.556200000006,2000-3000km
58542,"Desert Sunlight 250, LLC",CA,22.7,2263.4,Louisiana,22700000.0,Rail,0.0090536,205516.72,1130.34196,96079.06659999999,2000-3000km
58542,"Desert Sunlight 250, LLC",CA,29.0,2263.4,Louisiana,29000000.0,Rail,0.0090536,262554.4,1444.0492000000002,122744.18200000002,2000-3000km
58542,"Desert Sunlight 250, LLC",CA,29.0,2263.4,Louisiana,29000000.0,Rail,0.0090536,262554.4,1444.0492000000002,122744.18200000002,2000-3000km
58542,"Desert Sunlight 250, LLC",CA,25.2,2263.4,Louisiana,25200000.0,Rail,0.0090536,228150.72,1254.8289599999998,106660.46159999998,2000-3000km
58542,"Desert Sunlight 250, LLC",CA,25.2,2263.4,Louisiana,25200000.0,Rail,0.0090536,228150.72,1254.8289599999998,106660.46159999998,2000-3000km
58592,Solar Gen 2 Solar Facility,CA,54.4,2265.5,Louisiana,54400000.0,Rail,0.009061999999999999,492972.79999999993,2711.3504,230464.78399999999,2000-3000km
58592,Solar Gen 2 Solar Facility,CA,54.4,2265.5,Louisiana,54400000.0,Rail,0.009061999999999999,492972.79999999993,2711.3504,230464.78399999999,2000-3000km
58592,Solar Gen 2 Solar Facility,CA,54.4,2265.5,Louisiana,54400000.0,Rail,0.009061999999999999,492972.79999999993,2711.3504,230464.78399999999,2000-3000km
58623,Holstein Plant,NC,20.0,726.4,Ohio,20000000.0,Rail,0.0029056,58112.0,319.616,27167.36,500-1000km
58627,Western Antelope Dry Ranch,CA,10.0,2539.2,Louisiana,10000000.0,Rail,0.010156799999999999,101567.99999999999,558.624,47483.04,2000-3000km
58644,Silver State Solar Power South,NV,26.4,2280.9,Louisiana,26400000.0,Rail,0.0091236,240863.04,1324.7467199999999,112603.47119999999,2000-3000km
58644,Silver State Solar Power South,NV,27.9,2280.9,Louisiana,27900000.0,Rail,0.0091236,254548.44000000003,1400.01642,119001.3957,2000-3000km
58644,Silver State Solar Power South,NV,37.2,2280.9,Louisiana,37200000.0,Rail,0.0091236,339397.92000000004,1866.68856,158668.5276,2000-3000km
58644,Silver State Solar Power South,NV,35.7,2280.9,Louisiana,35700000.0,Rail,0.0091236,325712.52,1791.41886,152270.6031,2000-3000km
58644,Silver State Solar Power South,NV,35.0,2280.9,Louisiana,35000000.0,Rail,0.0091236,319326.0,1756.293,149284.905,2000-3000km
58644,Silver State Solar Power South,NV,36.6,2280.9,Louisiana,36600000.0,Rail,0.0091236,333923.76,1836.58068,156109.3578,2000-3000km
58644,Silver State Solar Power South,NV,35.0,2280.9,Louisiana,35000000.0,Rail,0.0091236,319326.0,1756.293,149284.905,2000-3000km
58644,Silver State Solar Power South,NV,26.3,2280.9,Louisiana,26300000.0,Rail,0.0091236,239950.68000000002,1319.72874,112176.9429,2000-3000km
58646,Stateline Solar,CA,75.9,2287.5,Louisiana,75900000.0,Rail,0.00915,694485.0,3819.6674999999996,324671.7375,2000-3000km
58646,Stateline Solar,CA,34.1,2287.5,Louisiana,34100000.0,Rail,0.00915,312015.0,1716.0825,145867.0125,2000-3000km
58646,Stateline Solar,CA,37.9,2287.5,Louisiana,37900000.0,Rail,0.00915,346785.0,1907.3174999999999,162121.9875,2000-3000km
58646,Stateline Solar,CA,37.9,2287.5,Louisiana,37900000.0,Rail,0.00915,346785.0,1907.3174999999999,162121.9875,2000-3000km
58646,Stateline Solar,CA,37.9,2287.5,Louisiana,37900000.0,Rail,0.00915,346785.0,1907.3174999999999,162121.9875,2000-3000km
58646,Stateline Solar,CA,37.9,2287.5,Louisiana,37900000.0,Rail,0.00915,346785.0,1907.3174999999999,162121.9875,2000-3000km
58646,Stateline Solar,CA,37.9,2287.5,Louisiana,37900000.0,Rail,0.00915,346785.0,1907.3174999999999,162121.9875,2000-3000km
58710,Barilla Solar,TX,30.2,1112.3,Louisiana,30200000.0,Rail,0.0044491999999999995,134365.84,739.01212,62816.0302,1000-1500km
58711,Lost Hills/Blackwell,CA,12.0,2686.8,Louisiana,12000000.0,Rail,0.0107472,128966.40000000001,709.3152,60291.792,2000-3000km
58711,Lost Hills/Blackwell,CA,20.0,2686.8,Louisiana,20000000.0,Rail,0.0107472,214944.0,1182.192,100486.32,2000-3000km
58713,North Star Solar,CA,61.6,2750.7,Louisiana,61600000.0,Rail,0.011002799999999998,677772.4799999999,3727.74864,316858.6344,2000-3000km
58831,Redcrest Solar Farm,CA,16.6,2590.1,Louisiana,16600000.000000002,Rail,0.010360399999999999,171982.63999999998,945.90452,80401.8842,2000-3000km
58842,"Gato Montes Solar, LLC",AZ,5.0,1825.6,Louisiana,5000000.0,Rail,0.0073024,36512.0,200.816,17069.36,1500-2000km
58848,Warsaw Farm,NC,65.0,837.1,Ohio,65000000.0,Rail,0.0033484,217646.0,1197.0529999999999,101749.50499999999,500-1000km
58972,Fort Huachuca Solar PV Project,AZ,4.1,1779.4,Louisiana,4099999.9999999995,Rail,0.0071176,29182.159999999996,160.50188,13642.6598,1500-2000km
58984,"RE Adams East, LLC",CA,19.0,2738.6,Louisiana,19000000.0,Rail,0.0109544,208133.6,1144.7348,97302.458,2000-3000km
58985,"RE Kansas Solar, LLC",CA,20.0,2692.9,Louisiana,20000000.0,Rail,0.0107716,215431.99999999997,1184.876,100714.45999999999,2000-3000km
58986,"RE Old River One, LLC",CA,20.0,2614.0,Louisiana,20000000.0,Rail,0.010456,209120.0,1150.1599999999999,97763.59999999999,2000-3000km
58991,"RE Kent South, LLC",CA,20.0,2699.0,Louisiana,20000000.0,Rail,0.010796,215920.0,1187.56,100942.59999999999,2000-3000km
59008,Woodmere Solar Farm,CA,15.0,2590.9,Louisiana,15000000.0,Rail,0.0103636,155454.0,854.997,72674.745,2000-3000km
59009,Hayworth Solar,CA,27.0,2596.0,Louisiana,27000000.0,Rail,0.010384,280368.0,1542.024,131072.03999999998,2000-3000km
59010,Macho Springs,NM,55.0,1517.0,Louisiana,55000000.0,Rail,0.006068,333740.0,1835.57,156023.44999999998,1500-2000km
59086,"Cottonwood Solar, LLC (Goose Lake)",CA,12.0,2662.2,Louisiana,12000000.0,Rail,0.010648799999999998,127785.59999999998,702.8208,59739.768,2000-3000km
59087,"Cottonwood Solar, LLC (City of Corcoran)",CA,12.0,2666.5,Louisiana,12000000.0,Rail,0.010666,127992.0,703.9559999999999,59836.259999999995,2000-3000km
59088,Calipatria Solar Farm,CA,20.0,2271.8,Louisiana,20000000.0,Rail,0.0090872,181744.0,999.592,84965.31999999999,2000-3000km
59102,Dragstrip Farm,NC,5.0,548.4,Ohio,5000000.0,Rail,0.0021936,10968.0,60.324,5127.54,500-1000km
59107,Mount Olive Farm,NC,5.0,841.6,Ohio,5000000.0,Rail,0.0033664,16832.0,92.576,7868.959999999999,500-1000km
59111,West Salisbury Farm LLC,NC,5.0,625.9,Ohio,5000000.0,Rail,0.0025036,12518.0,68.84899999999999,5852.164999999999,500-1000km
59115,Anderson Farm LLC,NC,1.9,801.5,Ohio,1900000.0,Rail,0.0032059999999999996,6091.4,33.5027,2847.7295,500-1000km
59156,Carter PV1,NC,5.0,776.9,Ohio,5000000.0,Rail,0.0031076,15538.0,85.45899999999999,7264.014999999999,500-1000km
59157,Pecan PV1,NC,5.0,681.7,Ohio,5000000.0,Rail,0.0027268,13634.0,74.987,6373.8949999999995,500-1000km
59158,Langley PV1,NC,5.0,810.9,Ohio,5000000.0,Rail,0.0032435999999999997,16217.999999999998,89.199,7581.915,500-1000km
59164,Elm City Solar Facility,NC,40.0,812.8,Ohio,40000000.0,Rail,0.0032511999999999997,130047.99999999999,715.264,60797.44,500-1000km
59170,Jakana Solar,NC,5.0,846.2,Ohio,5000000.0,Rail,0.0033848,16924.0,93.082,7911.969999999999,500-1000km
59171,Windsor Solar,NC,5.0,845.6,Ohio,5000000.0,Rail,0.0033824,16912.0,93.01599999999999,7906.36,500-1000km
59174,Lewiston Solar,NC,5.0,816.0,Ohio,5000000.0,Rail,0.003264,16320.0,89.75999999999999,7629.599999999999,500-1000km
59176,Williamston Solar,NC,5.0,853.7,Ohio,5000000.0,Rail,0.0034148,17074.0,93.907,7982.094999999999,500-1000km
59183,"CID Solar, LLC",CA,20.0,2667.4,Louisiana,20000000.0,Rail,0.0106696,213392.0,1173.656,99760.76,2000-3000km
59213,Clipperton Holdings LLC,NC,5.0,816.3,Ohio,5000000.0,Rail,0.0032652,16325.999999999998,89.79299999999999,7632.405,500-1000km
59262,Lancaster Little Rock,CA,5.0,2503.0,Louisiana,5000000.0,Rail,0.010012,50060.0,275.33,23403.05,2000-3000km
59297,Carrier Clinic,NJ,1.5,749.1,Ohio,1500000.0,Rail,0.0029963999999999998,4494.599999999999,24.7203,2101.2255,500-1000km
59431,Sierra Solar Greenworks,CA,20.0,2540.5,Louisiana,20000000.0,Rail,0.010162,203239.99999999997,1117.82,95014.7,2000-3000km
59489,Anthony Wayne Solar #1,OH,1.7,7.0,Ohio,1700000.0,Truck,5.6e-05,95.2,0.8092,68.782,0-500km
59528,Solar Oasis LLC,CA,20.0,2516.6,Louisiana,20000000.0,Rail,0.0100664,201328.0,1107.3039999999999,94120.83999999998,2000-3000km
59558,Sandoval Solar Energy Center,NM,6.1,1523.6,Louisiana,6100000.0,Rail,0.006094399999999999,37175.84,204.46711999999997,17379.705199999997,1500-2000km
59561,Crockett Farm,NC,5.0,878.3,Ohio,5000000.0,Rail,0.0035131999999999997,17566.0,96.613,8212.105,500-1000km
59563,Foxfire Solar Farm,NC,5.0,708.2,Ohio,5000000.0,Rail,0.0028328,14164.0,77.902,6621.67,500-1000km
59564,Hutchinson Farm,NC,5.0,530.8,Ohio,5000000.0,Rail,0.0021231999999999996,10615.999999999998,58.388,4962.98,500-1000km
59566,Ashley Solar Farm,NC,4.0,611.8,Ohio,4000000.0,Rail,0.0024471999999999996,9788.8,53.83839999999999,4576.263999999999,500-1000km
59587,Yadkin 601 Farm,NC,3.0,622.6,Ohio,3000000.0,Rail,0.0024904,7471.2,41.0916,3492.786,500-1000km
59618,Meadow Lake Solar Energy Center,NM,9.1,1482.0,Louisiana,9100000.0,Rail,0.005928,53944.8,296.6964,25219.194,1000-1500km
59619,Cibola,NM,7.6,1558.1,Louisiana,7600000.0,Rail,0.006232399999999999,47366.23999999999,260.51432,22143.7172,1500-2000km
59634,Sandstone Solar,AZ,45.0,1889.6,Louisiana,45000000.0,Rail,0.007558399999999999,340127.99999999994,1870.704,159009.84,1500-2000km
59685,Remington Solar Facility,VA,20.0,593.9,Ohio,20000000.0,Rail,0.0023756,47512.0,261.316,22211.859999999997,500-1000km
59689,Gulf Coast Solar Center I,FL,30.0,460.5,Alabama,30000000.0,Truck,0.0036839999999999998,110520.0,939.4200000000001,79850.70000000001,0-500km
59690,Gulf Coast Solar Center II,FL,40.0,465.7,Alabama,40000000.0,Truck,0.0037256,149024.0,1266.7040000000002,107669.84000000001,0-500km
59691,Gulf Coast Solar Center III,FL,50.0,432.6,Louisiana,50000000.0,Truck,0.0034608,173040.0,1470.8400000000001,125021.40000000001,0-500km
59722,Seville 1,CA,20.0,2316.3,Louisiana,20000000.0,Rail,0.0092652,185304.0,1019.1719999999999,86629.62,2000-3000km
59723,Seville 2,CA,30.0,2315.6,Louisiana,30000000.0,Rail,0.009262399999999999,277871.99999999994,1528.2959999999998,129905.15999999999,2000-3000km
59826,Sunshine Valley Solar,NV,103.5,2402.2,Louisiana,103500000.0,Rail,0.009608799999999999,994510.7999999999,5469.809399999999,464933.79899999994,2000-3000km
59827,"Playa Solar 1, LLC",NV,79.0,2260.4,Louisiana,79000000.0,Rail,0.0090416,714286.4,3928.5751999999998,333928.892,2000-3000km
59853,Watervliet PV,MI,4.6,226.7,Ohio,4600000.0,Truck,0.0018135999999999998,8342.56,70.91176,6027.4996,0-500km
59854,OlivePV,IN,5.0,238.4,Ohio,5000000.0,Truck,0.0019072,9536.0,81.05600000000001,6889.760000000001,0-500km
59861,Twin Branch PV,IN,2.6,207.7,Ohio,2600000.0,Truck,0.0016615999999999998,4320.16,36.721360000000004,3121.3156000000004,0-500km
59868,Kingbird A Solar LLC,CA,20.0,2550.5,Louisiana,20000000.0,Rail,0.010202,204039.99999999997,1122.22,95388.7,2000-3000km
59870,"Little Bear Solar 1, LLC",CA,40.0,2751.0,Louisiana,40000000.0,Rail,0.011004,440160.0,2420.8799999999997,205774.79999999996,2000-3000km
59871,Desert Quartzite,CA,300.0,2202.2,Louisiana,300000000.0,Rail,0.008808799999999999,2642639.9999999995,14534.519999999999,1235434.2,2000-3000km
59878,Windhub Solar A LLC,CA,20.0,2539.4,Louisiana,20000000.0,Rail,0.0101576,203151.99999999997,1117.336,94973.56,2000-3000km
59879,North Rosamond Solar LLC,CA,151.1,2546.2,Louisiana,151100000.0,Rail,0.010184799999999999,1538923.2799999998,8464.078039999999,719446.6333999998,2000-3000km
59891,Butler Solar Farm 20,GA,22.0,355.7,Alabama,22000000.0,Truck,0.0028455999999999998,62603.2,532.1272,45230.812,0-500km
59896,Butler Solar Project 103,GA,104.0,359.6,Alabama,104000000.0,Truck,0.0028768,299187.2,2543.0912000000003,216162.75200000004,0-500km
59897,Taylor County Solar,GA,148.0,356.6,Alabama,148000000.0,Truck,0.0028528,422214.39999999997,3588.8224000000005,305049.90400000004,0-500km
59947,SR Camden,AR,12.0,417.3,Louisiana,12000000.0,Truck,0.0033384,40060.8,340.51680000000005,28943.928000000004,0-500km
59973,Walt Disney World Solar Facility,FL,4.9,879.7,Alabama,4900000.0,Rail,0.0035188,17242.12,94.83166000000001,8060.691100000001,500-1000km
60023,SR Jenkins Ft Lupton,CO,13.0,1626.8,Louisiana,13000000.0,Rail,0.0065071999999999994,84593.59999999999,465.2647999999999,39547.507999999994,1500-2000km
60024,Waipio Solar,HI,45.9,6610.7,Louisiana,45900000.0,Rail,0.0264428,1213724.52,6675.48486,567416.2130999999,3000+km
60026,Little Rock Pham Solar,CA,3.0,2504.4,Louisiana,3000000.0,Rail,0.0100176,30052.8,165.2904,14049.684000000001,2000-3000km
60030,Pecan Solar,NC,74.9,771.5,Ohio,74900000.0,Rail,0.0030859999999999998,231141.4,1271.2777,108058.6045,500-1000km
60033,"CA Flats Solar 130, LLC",CA,130.0,2736.6,Louisiana,130000000.0,Rail,0.010946399999999998,1423031.9999999998,7826.6759999999995,665267.46,2000-3000km
60034,"CA Flats Solar 150, LLC",CA,150.0,2736.6,Louisiana,150000000.0,Rail,0.010946399999999998,1641959.9999999998,9030.779999999999,767616.2999999999,2000-3000km
60044,Buckthorn Westex,TX,154.0,1034.5,Louisiana,154000000.0,Rail,0.004138,637252.0,3504.886,297915.31,1000-1500km
60091,"Kingbird B Solar, LLC",CA,20.0,2551.1,Louisiana,20000000.0,Rail,0.010204399999999999,204087.99999999997,1122.484,95411.14,2000-3000km
60125,Kawailoa Solar,HI,49.0,6610.3,Louisiana,49000000.0,Rail,0.026441199999999998,1295618.7999999998,7125.9034,605701.789,3000+km
60161,Eagle Solar,NC,4.0,735.7,Ohio,4000000.0,Rail,0.0029428,11771.2,64.7416,5503.036,500-1000km
60181,Grove Solar,NC,5.0,906.6,Ohio,5000000.0,Rail,0.0036264,18132.0,99.726,8476.71,500-1000km
60200,"Laurinburg Solar, LLC (Heelstone)",NC,2.0,730.6,Ohio,2000000.0,Rail,0.0029224,5844.8,32.1464,2732.444,500-1000km
60226,"Rancho Seco Solar, LLC",CA,10.8,2839.8,Louisiana,10800000.0,Rail,0.0113592,122679.36,674.73648,57352.6008,2000-3000km
60240,"Yanceyville Farm 3, LLC",NC,4.9,678.9,Ohio,4900000.0,Rail,0.0027156,13306.439999999999,73.18542,6220.7607,500-1000km
60247,Valley View Solar,CO,4.0,1660.4,Louisiana,4000000.0,Rail,0.0066416,26566.4,146.1152,12419.792,1500-2000km
60248,Skylark,CO,4.0,1672.1,Louisiana,4000000.0,Rail,0.0066884,26753.6,147.14479999999998,12507.307999999997,1500-2000km
60261,Playa Solar 2,NV,100.0,2260.4,Louisiana,100000000.0,Rail,0.0090416,904160.0,4972.88,422694.8,2000-3000km
60283,SR Mavericks,CO,7.8,1655.9,Louisiana,7800000.0,Rail,0.0066236,51664.08,284.15244,24152.9574,1500-2000km
60284,Organ Church Solar,NC,5.0,630.2,Ohio,5000000.0,Rail,0.0025208,12604.0,69.322,5892.37,500-1000km
60287,Willard Solar,NC,5.0,851.8,Ohio,5000000.0,Rail,0.0034071999999999996,17035.999999999996,93.698,7964.329999999999,500-1000km
60290,Jester Solar,NC,5.0,849.4,Ohio,5000000.0,Rail,0.0033975999999999998,16988.0,93.434,7941.889999999999,500-1000km
60300,Montana Solar Facility,TX,3.0,1390.4,Louisiana,3000000.0,Rail,0.0055616,16684.8,91.7664,7800.144,1000-1500km
60301,Holloman Solar Facility,NM,5.0,1392.4,Louisiana,5000000.0,Rail,0.0055696,27848.0,153.164,13018.939999999999,1000-1500km
60313,"Augustus Farm, LLC",NC,4.9,840.2,Ohio,4900000.0,Rail,0.0033608,16467.920000000002,90.57356,7698.7526,500-1000km
60337,Providence Solar,TN,16.0,193.4,Alabama,16000000.0,Truck,0.0015471999999999999,24755.199999999997,210.41920000000002,17885.632,0-500km
60383,Monroe Solar Facility,NC,54.6,609.2,Ohio,54600000.0,Rail,0.0024368000000000003,133049.28000000003,731.7710400000001,62200.538400000005,500-1000km
60394,Tamworth Holdings,NC,5.0,810.4,Ohio,5000000.0,Rail,0.0032416,16208.0,89.14399999999999,7577.239999999999,500-1000km
60436,East Pecos Solar,TX,118.5,1010.9,Louisiana,118500000.0,Rail,0.0040436,479166.6,2635.4163,224010.38549999997,1000-1500km
60438,Whitakers Farm (Fisher Rd),NC,3.4,789.4,Ohio,3400000.0,Rail,0.0031575999999999996,10735.839999999998,59.04712,5019.0052,500-1000km
60472,CPS 1 Community Solar,TX,1.0,628.4,Louisiana,1000000.0,Rail,0.0025136,2513.6,13.824799999999998,1175.1079999999997,500-1000km
60491,Springbok 3 Solar Farm Hybrid,CA,90.0,2515.1,Louisiana,90000000.0,Rail,0.010060399999999999,905435.9999999999,4979.898,423291.33,2000-3000km
60497,SR Skylark B,CO,2.0,1672.2,Louisiana,2000000.0,Rail,0.0066888,13377.6,73.57679999999999,6254.027999999999,1500-2000km
60554,Hazlehurst II,GA,52.5,534.5,Alabama,52500000.0,Rail,0.0021379999999999997,112244.99999999999,617.3475,52474.5375,500-1000km
60555,Selmer I,TN,16.0,129.9,Alabama,16000000.0,Truck,0.0010392,16627.2,141.33120000000002,12013.152000000002,0-500km
60556,Selmer II,TN,8.0,139.0,Alabama,8000000.0,Truck,0.001112,8896.0,75.616,6427.36,0-500km
60560,Millington Solar Farm,TN,53.0,248.4,Alabama,53000000.0,Truck,0.0019872,105321.6,895.2336000000001,76094.85600000001,0-500km
60572,White Wing Solar,AZ,179.0,2082.5,Louisiana,179000000.0,Rail,0.008329999999999999,1491069.9999999998,8200.885,697075.225,2000-3000km
60575,Wadesboro Farm 2,NC,5.0,658.0,Ohio,5000000.0,Rail,0.002632,13159.999999999998,72.38,6152.299999999999,500-1000km
60576,Wadesboro Farm 3,NC,5.0,661.7,Ohio,5000000.0,Rail,0.0026468,13234.0,72.78699999999999,6186.8949999999995,500-1000km
60580,Soluga Farms III,NC,5.0,787.9,Ohio,5000000.0,Rail,0.0031515999999999996,15757.999999999998,86.669,7366.865,500-1000km
60582,CoTAL Solar Farm,FL,20.0,544.4,Alabama,20000000.0,Rail,0.0021776,43552.0,239.53599999999997,20360.559999999998,500-1000km
60584,Oceana Solar,VA,17.6,835.7,Ohio,17600000.0,Rail,0.0033428,58833.28,323.58304000000004,27504.5584,500-1000km
60601,Bay Branch Solar,NC,5.0,879.2,Ohio,5000000.0,Rail,0.0035168,17584.0,96.71199999999999,8220.519999999999,500-1000km
60636,"Bunn Level Farm, LLC",NC,5.0,779.3,Ohio,5000000.0,Rail,0.0031171999999999997,15585.999999999998,85.723,7286.455,500-1000km
60651,"North Nash Farm, LLC",NC,5.0,776.7,Ohio,5000000.0,Rail,0.0031068,15534.0,85.437,7262.1449999999995,500-1000km
60654,Townsite Solar Project Hybrid,NV,180.0,2248.1,Louisiana,180000000.0,Rail,0.0089924,1618631.9999999998,8902.475999999999,756710.4599999998,2000-3000km
60678,San Joaquin Solar,CA,19.8,2724.7,Louisiana,19800000.0,Rail,0.010898799999999998,215796.23999999996,1186.8793199999998,100884.74219999998,2000-3000km
60678,San Joaquin Solar,CA,1.5,2724.7,Louisiana,1500000.0,Rail,0.010898799999999998,16348.199999999997,89.9151,7642.7835,2000-3000km
60679,Fort Rucker Solar Array,AL,10.6,391.9,Alabama,10600000.0,Truck,0.0031352,33233.119999999995,282.48152,24010.9292,0-500km
60680,ANAD Solar Array,AL,7.4,162.8,Alabama,7400000.0,Truck,0.0013024,9637.76,81.92096000000002,6963.281600000002,0-500km
60691,Tanager Holdings,NC,5.0,693.3,Ohio,5000000.0,Rail,0.0027731999999999995,13865.999999999998,76.26299999999999,6482.355,500-1000km
60712,Ursa Community Solar,MN,1.0,841.3,Ohio,1000000.0,Rail,0.0033651999999999996,3365.2,18.508599999999998,1573.2309999999998,500-1000km
60712,Ursa Community Solar,MN,1.0,841.3,Ohio,1000000.0,Rail,0.0033651999999999996,3365.2,18.508599999999998,1573.2309999999998,500-1000km
60712,Ursa Community Solar,MN,1.0,841.3,Ohio,1000000.0,Rail,0.0033651999999999996,3365.2,18.508599999999998,1573.2309999999998,500-1000km
60712,Ursa Community Solar,MN,1.0,841.3,Ohio,1000000.0,Rail,0.0033651999999999996,3365.2,18.508599999999998,1573.2309999999998,500-1000km
60712,Ursa Community Solar,MN,1.0,841.3,Ohio,1000000.0,Rail,0.0033651999999999996,3365.2,18.508599999999998,1573.2309999999998,500-1000km
60713,Sunrise Community Solar,MN,1.0,863.9,Ohio,1000000.0,Rail,0.0034555999999999996,3455.5999999999995,19.005799999999997,1615.4929999999997,500-1000km
60713,Sunrise Community Solar,MN,1.0,863.9,Ohio,1000000.0,Rail,0.0034555999999999996,3455.5999999999995,19.005799999999997,1615.4929999999997,500-1000km
60713,Sunrise Community Solar,MN,1.0,863.9,Ohio,1000000.0,Rail,0.0034555999999999996,3455.5999999999995,19.005799999999997,1615.4929999999997,500-1000km
60713,Sunrise Community Solar,MN,1.0,863.9,Ohio,1000000.0,Rail,0.0034555999999999996,3455.5999999999995,19.005799999999997,1615.4929999999997,500-1000km
60713,Sunrise Community Solar,MN,1.0,863.9,Ohio,1000000.0,Rail,0.0034555999999999996,3455.5999999999995,19.005799999999997,1615.4929999999997,500-1000km
60714,Rosemount Community Solar,MN,1.0,838.9,Ohio,1000000.0,Rail,0.0033556,3355.6,18.4558,1568.743,500-1000km
60714,Rosemount Community Solar,MN,1.0,838.9,Ohio,1000000.0,Rail,0.0033556,3355.6,18.4558,1568.743,500-1000km
60714,Rosemount Community Solar,MN,1.0,838.9,Ohio,1000000.0,Rail,0.0033556,3355.6,18.4558,1568.743,500-1000km
60714,Rosemount Community Solar,MN,1.0,838.9,Ohio,1000000.0,Rail,0.0033556,3355.6,18.4558,1568.743,500-1000km
60714,Rosemount Community Solar,MN,1.0,838.9,Ohio,1000000.0,Rail,0.0033556,3355.6,18.4558,1568.743,500-1000km
60715,Paynesville Community Solar,MN,1.0,990.4,Ohio,1000000.0,Rail,0.0039616,3961.6,21.7888,1852.0479999999998,500-1000km
60715,Paynesville Community Solar,MN,1.0,990.4,Ohio,1000000.0,Rail,0.0039616,3961.6,21.7888,1852.0479999999998,500-1000km
60715,Paynesville Community Solar,MN,1.0,990.4,Ohio,1000000.0,Rail,0.0039616,3961.6,21.7888,1852.0479999999998,500-1000km
60715,Paynesville Community Solar,MN,1.0,990.4,Ohio,1000000.0,Rail,0.0039616,3961.6,21.7888,1852.0479999999998,500-1000km
60715,Paynesville Community Solar,MN,1.0,990.4,Ohio,1000000.0,Rail,0.0039616,3961.6,21.7888,1852.0479999999998,500-1000km
60716,Orion Community Solar,MN,1.0,975.7,Ohio,1000000.0,Rail,0.0039028,3902.8,21.4654,1824.559,500-1000km
60716,Orion Community Solar,MN,1.0,975.7,Ohio,1000000.0,Rail,0.0039028,3902.8,21.4654,1824.559,500-1000km
60716,Orion Community Solar,MN,1.0,975.7,Ohio,1000000.0,Rail,0.0039028,3902.8,21.4654,1824.559,500-1000km
60717,Northfield Community Solar,MN,1.0,842.4,Ohio,1000000.0,Rail,0.0033696,3369.6,18.532799999999998,1575.2879999999998,500-1000km
60717,Northfield Community Solar,MN,1.0,842.4,Ohio,1000000.0,Rail,0.0033696,3369.6,18.532799999999998,1575.2879999999998,500-1000km
60717,Northfield Community Solar,MN,1.0,842.4,Ohio,1000000.0,Rail,0.0033696,3369.6,18.532799999999998,1575.2879999999998,500-1000km
60717,Northfield Community Solar,MN,1.0,842.4,Ohio,1000000.0,Rail,0.0033696,3369.6,18.532799999999998,1575.2879999999998,500-1000km
60717,Northfield Community Solar,MN,1.0,842.4,Ohio,1000000.0,Rail,0.0033696,3369.6,18.532799999999998,1575.2879999999998,500-1000km
60761,"Roper Farm, LLC",NC,5.0,536.8,Ohio,5000000.0,Rail,0.0021471999999999997,10735.999999999998,59.047999999999995,5019.08,500-1000km
60778,"Hew Fulton Farm, LLC",NC,5.0,714.1,Ohio,5000000.0,Rail,0.0028564,14282.0,78.551,6676.835,500-1000km
60779,"McGoogan Farm, LLC",NC,5.0,751.7,Ohio,5000000.0,Rail,0.0030068,15034.0,82.687,7028.3949999999995,500-1000km
60827,"Sun Streams, LLC",AZ,160.0,2022.9,Louisiana,160000000.0,Rail,0.0080916,1294655.9999999998,7120.607999999999,605251.6799999999,2000-3000km
60913,Ohio Northern University Solar Site,OH,2.0,90.4,Ohio,2000000.0,Truck,0.0007232,1446.4,12.294400000000001,1045.0240000000001,0-500km
60913,Ohio Northern University Solar Site,OH,1.0,90.4,Ohio,1000000.0,Truck,0.0007232,723.2,6.147200000000001,522.5120000000001,0-500km
60937,Antlia Community Solar,MN,1.0,1053.5,Ohio,1000000.0,Rail,0.004214,4214.0,23.177,1970.045,1000-1500km
60937,Antlia Community Solar,MN,1.0,1053.5,Ohio,1000000.0,Rail,0.004214,4214.0,23.177,1970.045,1000-1500km
60938,Aries Community Solar,MN,1.0,811.7,Ohio,1000000.0,Rail,0.0032468,3246.8,17.8574,1517.879,500-1000km
60938,Aries Community Solar,MN,1.0,811.7,Ohio,1000000.0,Rail,0.0032468,3246.8,17.8574,1517.879,500-1000km
60938,Aries Community Solar,MN,1.0,811.7,Ohio,1000000.0,Rail,0.0032468,3246.8,17.8574,1517.879,500-1000km
60938,Aries Community Solar,MN,1.0,811.7,Ohio,1000000.0,Rail,0.0032468,3246.8,17.8574,1517.879,500-1000km
60939,Centaurus Community Solar,MN,1.0,1032.4,Ohio,1000000.0,Rail,0.0041296,4129.599999999999,22.7128,1930.5880000000002,1000-1500km
60939,Centaurus Community Solar,MN,1.0,1032.4,Ohio,1000000.0,Rail,0.0041296,4129.599999999999,22.7128,1930.5880000000002,1000-1500km
60940,Gemini Community Solar,MN,1.0,849.2,Ohio,1000000.0,Rail,0.0033968,3396.8,18.6824,1588.0040000000001,500-1000km
60940,Gemini Community Solar,MN,1.0,849.2,Ohio,1000000.0,Rail,0.0033968,3396.8,18.6824,1588.0040000000001,500-1000km
60940,Gemini Community Solar,MN,1.0,849.2,Ohio,1000000.0,Rail,0.0033968,3396.8,18.6824,1588.0040000000001,500-1000km
60941,Mapleton Community Solar,MN,1.0,883.0,Ohio,1000000.0,Rail,0.003532,3532.0,19.426,1651.2099999999998,500-1000km
60941,Mapleton Community Solar,MN,1.0,883.0,Ohio,1000000.0,Rail,0.003532,3532.0,19.426,1651.2099999999998,500-1000km
60941,Mapleton Community Solar,MN,1.0,883.0,Ohio,1000000.0,Rail,0.003532,3532.0,19.426,1651.2099999999998,500-1000km
60942,Morgan Community Solar,MN,1.0,970.0,Ohio,1000000.0,Rail,0.0038799999999999998,3879.9999999999995,21.34,1813.9,500-1000km
60942,Morgan Community Solar,MN,1.0,970.0,Ohio,1000000.0,Rail,0.0038799999999999998,3879.9999999999995,21.34,1813.9,500-1000km
60942,Morgan Community Solar,MN,1.0,970.0,Ohio,1000000.0,Rail,0.0038799999999999998,3879.9999999999995,21.34,1813.9,500-1000km
60943,Spica Community Solar,MN,1.0,982.8,Ohio,1000000.0,Rail,0.003931199999999999,3931.1999999999994,21.621599999999997,1837.8359999999998,500-1000km
60943,Spica Community Solar,MN,1.0,982.8,Ohio,1000000.0,Rail,0.003931199999999999,3931.1999999999994,21.621599999999997,1837.8359999999998,500-1000km
60944,Vega Community Solar,MN,1.0,1025.2,Ohio,1000000.0,Rail,0.0041008,4100.8,22.5544,1917.124,1000-1500km
60944,Vega Community Solar,MN,1.0,1025.2,Ohio,1000000.0,Rail,0.0041008,4100.8,22.5544,1917.124,1000-1500km
60944,Vega Community Solar,MN,1.0,1025.2,Ohio,1000000.0,Rail,0.0041008,4100.8,22.5544,1917.124,1000-1500km
60944,Vega Community Solar,MN,1.0,1025.2,Ohio,1000000.0,Rail,0.0041008,4100.8,22.5544,1917.124,1000-1500km
60944,Vega Community Solar,MN,1.0,1025.2,Ohio,1000000.0,Rail,0.0041008,4100.8,22.5544,1917.124,1000-1500km
60982,Atkinson Farm Solar,NC,5.0,867.3,Ohio,5000000.0,Rail,0.0034691999999999995,17345.999999999996,95.40299999999999,8109.254999999999,500-1000km
61022,Coral Farms Solar Energy Center,FL,74.5,739.9,Alabama,74500000.0,Rail,0.0029595999999999997,220490.19999999998,1212.6961,103079.16849999999,500-1000km
61085,Stone Solar,NC,5.0,755.2,Ohio,5000000.0,Rail,0.0030208,15104.0,83.07199999999999,7061.119999999999,500-1000km
61086,Tripple State Farm,NC,5.0,604.8,Ohio,5000000.0,Rail,0.0024192,12096.0,66.52799999999999,5654.879999999999,500-1000km
61087,Wadesboro Farm 1,NC,5.0,657.5,Ohio,5000000.0,Rail,0.00263,13150.0,72.325,6147.625,500-1000km
61088,Delco Farm,NC,5.0,832.4,Ohio,5000000.0,Rail,0.0033296,16648.0,91.564,7782.94,500-1000km
61089,Fisher Solar Farm - NC,NC,5.0,664.6,Ohio,5000000.0,Rail,0.0026584,13292.0,73.106,6214.009999999999,500-1000km
61091,Laurinburg Farm,NC,5.0,717.0,Ohio,5000000.0,Rail,0.002868,14340.0,78.86999999999999,6703.949999999999,500-1000km
61094,Old Wire Farm,NC,5.0,710.5,Ohio,5000000.0,Rail,0.002842,14210.0,78.155,6643.175,500-1000km
61095,Railroad Farm 2,NC,5.0,761.9,Ohio,5000000.0,Rail,0.0030475999999999997,15237.999999999998,83.809,7123.764999999999,500-1000km
61096,Sampson Solar,NC,2.0,805.7,Ohio,2000000.0,Rail,0.0032228,6445.6,35.4508,3013.318,500-1000km
61139,Marmas Solar CSG,MN,1.0,954.0,Ohio,1000000.0,Rail,0.003816,3816.0,20.988,1783.98,500-1000km
61139,Marmas Solar CSG,MN,1.0,954.0,Ohio,1000000.0,Rail,0.003816,3816.0,20.988,1783.98,500-1000km
61139,Marmas Solar CSG,MN,1.0,954.0,Ohio,1000000.0,Rail,0.003816,3816.0,20.988,1783.98,500-1000km
61139,Marmas Solar CSG,MN,1.0,954.0,Ohio,1000000.0,Rail,0.003816,3816.0,20.988,1783.98,500-1000km
61174,Taurus Community Solar,MN,1.0,1046.0,Ohio,1000000.0,Rail,0.004184,4184.0,23.011999999999997,1956.0199999999998,1000-1500km
61174,Taurus Community Solar,MN,1.0,1046.0,Ohio,1000000.0,Rail,0.004184,4184.0,23.011999999999997,1956.0199999999998,1000-1500km
61174,Taurus Community Solar,MN,1.0,1046.0,Ohio,1000000.0,Rail,0.004184,4184.0,23.011999999999997,1956.0199999999998,1000-1500km
61174,Taurus Community Solar,MN,1.0,1046.0,Ohio,1000000.0,Rail,0.004184,4184.0,23.011999999999997,1956.0199999999998,1000-1500km
61175,Pegasus Community Solar,MN,1.0,1023.9,Ohio,1000000.0,Rail,0.0040956,4095.5999999999995,22.525799999999997,1914.6929999999998,1000-1500km
61175,Pegasus Community Solar,MN,1.0,1023.9,Ohio,1000000.0,Rail,0.0040956,4095.5999999999995,22.525799999999997,1914.6929999999998,1000-1500km
61176,Antares Community Solar,MN,1.0,1020.2,Ohio,1000000.0,Rail,0.0040808,4080.7999999999997,22.444399999999998,1907.774,1000-1500km
61176,Antares Community Solar,MN,1.0,1020.2,Ohio,1000000.0,Rail,0.0040808,4080.7999999999997,22.444399999999998,1907.774,1000-1500km
61176,Antares Community Solar,MN,1.0,1020.2,Ohio,1000000.0,Rail,0.0040808,4080.7999999999997,22.444399999999998,1907.774,1000-1500km
61177,Corvus Community Solar,MN,1.0,889.5,Ohio,1000000.0,Rail,0.003558,3558.0,19.569,1663.365,500-1000km
61177,Corvus Community Solar,MN,1.0,889.5,Ohio,1000000.0,Rail,0.003558,3558.0,19.569,1663.365,500-1000km
61177,Corvus Community Solar,MN,1.0,889.5,Ohio,1000000.0,Rail,0.003558,3558.0,19.569,1663.365,500-1000km
61177,Corvus Community Solar,MN,1.0,889.5,Ohio,1000000.0,Rail,0.003558,3558.0,19.569,1663.365,500-1000km
61177,Corvus Community Solar,MN,1.0,889.5,Ohio,1000000.0,Rail,0.003558,3558.0,19.569,1663.365,500-1000km
61178,Capella Community Solar,MN,1.0,1059.1,Ohio,1000000.0,Rail,0.0042363999999999995,4236.4,23.300199999999997,1980.5169999999998,1000-1500km
61178,Capella Community Solar,MN,1.0,1059.1,Ohio,1000000.0,Rail,0.0042363999999999995,4236.4,23.300199999999997,1980.5169999999998,1000-1500km
61178,Capella Community Solar,MN,1.0,1059.1,Ohio,1000000.0,Rail,0.0042363999999999995,4236.4,23.300199999999997,1980.5169999999998,1000-1500km
61178,Capella Community Solar,MN,1.0,1059.1,Ohio,1000000.0,Rail,0.0042363999999999995,4236.4,23.300199999999997,1980.5169999999998,1000-1500km
61178,Capella Community Solar,MN,1.0,1059.1,Ohio,1000000.0,Rail,0.0042363999999999995,4236.4,23.300199999999997,1980.5169999999998,1000-1500km
61179,Carina Community Solar,MN,1.0,759.1,Ohio,1000000.0,Rail,0.0030364,3036.3999999999996,16.7002,1419.5169999999998,500-1000km
61179,Carina Community Solar,MN,1.0,759.1,Ohio,1000000.0,Rail,0.0030364,3036.3999999999996,16.7002,1419.5169999999998,500-1000km
61179,Carina Community Solar,MN,1.0,759.1,Ohio,1000000.0,Rail,0.0030364,3036.3999999999996,16.7002,1419.5169999999998,500-1000km
61179,Carina Community Solar,MN,1.0,759.1,Ohio,1000000.0,Rail,0.0030364,3036.3999999999996,16.7002,1419.5169999999998,500-1000km
61180,Caelum Community Solar,MN,1.0,946.2,Ohio,1000000.0,Rail,0.0037848,3784.8,20.816399999999998,1769.3939999999998,500-1000km
61180,Caelum Community Solar,MN,1.0,946.2,Ohio,1000000.0,Rail,0.0037848,3784.8,20.816399999999998,1769.3939999999998,500-1000km
61181,Andromeda Community Solar,MN,1.0,920.4,Ohio,1000000.0,Rail,0.0036815999999999997,3681.6,20.2488,1721.148,500-1000km
61181,Andromeda Community Solar,MN,1.0,920.4,Ohio,1000000.0,Rail,0.0036815999999999997,3681.6,20.2488,1721.148,500-1000km
61181,Andromeda Community Solar,MN,1.0,920.4,Ohio,1000000.0,Rail,0.0036815999999999997,3681.6,20.2488,1721.148,500-1000km
61181,Andromeda Community Solar,MN,1.0,920.4,Ohio,1000000.0,Rail,0.0036815999999999997,3681.6,20.2488,1721.148,500-1000km
61181,Andromeda Community Solar,MN,1.0,920.4,Ohio,1000000.0,Rail,0.0036815999999999997,3681.6,20.2488,1721.148,500-1000km
61182,Lyra Community Solar,MN,1.0,863.6,Ohio,1000000.0,Rail,0.0034544,3454.3999999999996,18.9992,1614.9319999999998,500-1000km
61182,Lyra Community Solar,MN,1.0,863.6,Ohio,1000000.0,Rail,0.0034544,3454.3999999999996,18.9992,1614.9319999999998,500-1000km
61182,Lyra Community Solar,MN,1.0,863.6,Ohio,1000000.0,Rail,0.0034544,3454.3999999999996,18.9992,1614.9319999999998,500-1000km
61183,Argo Navis Community Solar,MN,1.0,844.7,Ohio,1000000.0,Rail,0.0033788,3378.7999999999997,18.5834,1579.5890000000002,500-1000km
61183,Argo Navis Community Solar,MN,1.0,844.7,Ohio,1000000.0,Rail,0.0033788,3378.7999999999997,18.5834,1579.5890000000002,500-1000km
61183,Argo Navis Community Solar,MN,1.0,844.7,Ohio,1000000.0,Rail,0.0033788,3378.7999999999997,18.5834,1579.5890000000002,500-1000km
61202,Mount Signal Solar Farm V,CA,252.3,2273.2,Louisiana,252300000.0,Rail,0.009092799999999998,2294113.4399999995,12617.623919999998,1072498.0332,2000-3000km
61220,"Spencer Farm, LLC",NC,5.0,637.0,Ohio,5000000.0,Rail,0.002548,12740.0,70.07,5955.95,500-1000km
61314,SR Kersey,CO,3.5,1636.1,Louisiana,3500000.0,Rail,0.0065444,22905.399999999998,125.97969999999998,10708.274499999998,1500-2000km
61318,Mt. Jackson Solar,VA,15.7,520.4,Ohio,15700000.0,Rail,0.0020816,32681.12,179.74615999999997,15278.423599999998,500-1000km
61328,Crater Community Solar,MN,1.0,1027.4,Ohio,1000000.0,Rail,0.004109600000000001,4109.6,22.602800000000002,1921.2380000000003,1000-1500km
61328,Crater Community Solar,MN,1.0,1027.4,Ohio,1000000.0,Rail,0.004109600000000001,4109.6,22.602800000000002,1921.2380000000003,1000-1500km
61328,Crater Community Solar,MN,1.0,1027.4,Ohio,1000000.0,Rail,0.004109600000000001,4109.6,22.602800000000002,1921.2380000000003,1000-1500km
61329,Delphinus Community Solar,MN,1.0,954.9,Ohio,1000000.0,Rail,0.0038196,3819.6,21.0078,1785.663,500-1000km
61329,Delphinus Community Solar,MN,1.0,954.9,Ohio,1000000.0,Rail,0.0038196,3819.6,21.0078,1785.663,500-1000km
61382,Lindstrom Solar CSG,MN,1.0,849.6,Ohio,1000000.0,Rail,0.0033983999999999998,3398.3999999999996,18.6912,1588.752,500-1000km
61382,Lindstrom Solar CSG,MN,1.0,849.6,Ohio,1000000.0,Rail,0.0033983999999999998,3398.3999999999996,18.6912,1588.752,500-1000km
61382,Lindstrom Solar CSG,MN,1.0,849.6,Ohio,1000000.0,Rail,0.0033983999999999998,3398.3999999999996,18.6912,1588.752,500-1000km
61404,Pikeville Farm,NC,5.0,833.9,Ohio,5000000.0,Rail,0.0033355999999999998,16678.0,91.729,7796.965,500-1000km
61405,"Moorings Farm 2, LLC",NC,5.0,857.4,Ohio,5000000.0,Rail,0.0034295999999999997,17148.0,94.314,8016.69,500-1000km
61412,Latitude Solar Center,TN,15.0,188.4,Alabama,15000000.0,Truck,0.0015072,22608.0,192.168,16334.28,0-500km
61432,SCE&G Curie CSG,SC,2.0,602.2,Ohio,2000000.0,Rail,0.0024088,4817.6,26.4968,2252.228,500-1000km
61433,SCE&G Nimitz CSG,SC,8.0,631.4,Ohio,8000000.0,Rail,0.0025256,20204.8,111.12639999999999,9445.743999999999,500-1000km
61434,SCE&G Springfield CSG,SC,6.1,565.3,Ohio,6100000.0,Rail,0.0022611999999999997,13793.319999999998,75.86325999999998,6448.377099999999,500-1000km
61462,SR Platte Solar Farm,CO,16.0,1630.4,Louisiana,16000000.0,Rail,0.0065216,104345.59999999999,573.9008,48781.568,1500-2000km
61493,E-Volve Energy Holdings LLC,TX,1.2,421.3,Louisiana,1200000.0,Truck,0.0033704,4044.48,34.378080000000004,2922.1368,0-500km
61645,Altair Community Solar Garden,MN,1.0,846.4,Ohio,1000000.0,Rail,0.0033856,3385.6,18.6208,1582.768,500-1000km
61651,Capricornus Community Solar Garden,MN,1.0,990.4,Ohio,1000000.0,Rail,0.0039616,3961.6,21.7888,1852.0479999999998,500-1000km
61653,Alafia Solar,FL,60.0,914.0,Alabama,60000000.0,Rail,0.003656,219360.0,1206.48,102550.8,500-1000km
61654,Balm Solar,FL,74.4,899.5,Alabama,74400000.0,Rail,0.0035979999999999996,267691.19999999995,1472.3016,125145.636,500-1000km
61655,Bonnie Mine Solar,FL,37.5,900.3,Alabama,37500000.0,Rail,0.0036011999999999997,135045.0,742.7475,63133.5375,500-1000km
61656,Grange Hall Solar,FL,61.1,910.9,Alabama,61100000.0,Rail,0.0036436,222623.96,1224.43178,104076.70129999999,500-1000km
61657,Lake Hancock Solar,FL,49.5,914.0,Alabama,49500000.0,Rail,0.003656,180972.0,995.3459999999999,84604.40999999999,500-1000km
61663,Lithia Solar,FL,74.5,904.0,Alabama,74500000.0,Rail,0.003616,269392.0,1481.656,125940.76,500-1000km
61664,Mountain View Solar (FL),FL,54.6,840.5,Alabama,54600000.0,Rail,0.003362,183565.2,1009.6086,85816.731,500-1000km
61665,Payne Creek Solar,FL,70.3,922.7,Alabama,70300000.0,Rail,0.0036908,259463.24000000002,1427.0478199999998,121299.06469999999,500-1000km
61666,Peace Creek Solar,FL,55.4,907.7,Alabama,55400000.0,Rail,0.0036308,201146.32,1106.30476,94035.9046,500-1000km
61667,Wimauma Solar and Battery Storage,FL,74.8,901.2,Alabama,74800000.0,Rail,0.0036048,269639.04,1483.01472,126056.25119999998,500-1000km
61696,Twiggs Solar,GA,204.0,415.8,Alabama,204000000.0,Truck,0.0033263999999999998,678585.6,5767.9776,490278.096,0-500km
61701,Seabrook Solar,SC,72.5,647.0,Ohio,72500000.0,Rail,0.002588,187630.0,1031.965,87717.025,500-1000km
61704,Aquila Community Solar,MN,1.0,1045.8,Ohio,1000000.0,Rail,0.0041832,4183.2,23.007599999999996,1955.6459999999997,1000-1500km
61705,Acturus Community Solar,MN,1.0,893.1,Ohio,1000000.0,Rail,0.0035724,3572.4,19.6482,1670.097,500-1000km
61706,Auriga Community Solar,MN,1.0,1025.8,Ohio,1000000.0,Rail,0.0041031999999999996,4103.2,22.5676,1918.2459999999999,1000-1500km
61707,Canopus Community Solar,MN,1.0,999.3,Ohio,1000000.0,Rail,0.003997199999999999,3997.1999999999994,21.984599999999997,1868.6909999999998,500-1000km
61708,Sagitta Community Solar,MN,1.0,1023.0,Ohio,1000000.0,Rail,0.004092,4092.0,22.506,1913.01,1000-1500km
61709,Libra Community Solar,MN,1.0,1050.1,Ohio,1000000.0,Rail,0.004200399999999999,4200.399999999999,23.102199999999996,1963.6869999999997,1000-1500km
61710,Aquarius Community Solar,MN,1.0,1020.0,Ohio,1000000.0,Rail,0.004079999999999999,4079.9999999999995,22.439999999999998,1907.3999999999999,1000-1500km
61711,Cassiopeia Community Solar,MN,1.0,1044.8,Ohio,1000000.0,Rail,0.004179199999999999,4179.199999999999,22.985599999999998,1953.7759999999998,1000-1500km
61712,Crux Community Solar,MN,1.0,789.0,Ohio,1000000.0,Rail,0.003156,3156.0,17.358,1475.43,500-1000km
61713,Leo Community Solar,MN,1.0,1032.3,Ohio,1000000.0,Rail,0.0041291999999999995,4129.2,22.7106,1930.4009999999998,1000-1500km
61715,Deneb Community Solar,MN,1.0,998.9,Ohio,1000000.0,Rail,0.003995599999999999,3995.5999999999995,21.9758,1867.943,500-1000km
61716,Kaus Community Solar,MN,1.0,809.8,Ohio,1000000.0,Rail,0.0032392,3239.2,17.815599999999996,1514.3259999999998,500-1000km
61733,Haywood Solar,TN,3.0,211.8,Alabama,3000000.0,Truck,0.0016944,5083.2,43.20720000000001,3672.6120000000005,0-500km
61852,Eagle Shadow Mountain Solar Farm,NV,300.0,2246.0,Louisiana,300000000.0,Rail,0.008983999999999999,2695199.9999999995,14823.599999999999,1260005.9999999998,2000-3000km
61906,Phoebe Solar,TX,250.0,1076.2,Louisiana,250000000.0,Rail,0.0043048,1076200.0,5919.099999999999,503123.49999999994,1000-1500km
61924,"Cumblerland Land Holdings, LLC",AL,14.7,53.9,Alabama,14700000.0,Truck,0.00043119999999999996,6338.639999999999,53.87844,4579.667399999999,0-500km
61982,Columbia Solar Power Plant,FL,74.9,679.6,Alabama,74900000.0,Rail,0.0027184,203608.16,1119.84488,95186.81480000001,500-1000km
61988,Citrus Ridge Solar,FL,52.0,874.2,Alabama,52000000.0,Rail,0.0034968,181833.6,1000.0848,85007.208,500-1000km
62041,Cuyahoga County Landfill,OH,3.7,146.1,Ohio,3700000.0,Truck,0.0011688,4324.56,36.75876000000001,3124.494600000001,0-500km
62054,Alpha Value Solar,NC,5.0,857.4,Ohio,5000000.0,Rail,0.0034295999999999997,17148.0,94.314,8016.69,500-1000km
62058,SR Terrell,GA,74.0,407.8,Alabama,74000000.0,Truck,0.0032624,241417.6,2052.0496000000003,174424.21600000001,0-500km
62136,"Arthur Solar, LLC",NC,5.0,775.7,Ohio,5000000.0,Rail,0.0031028,15514.0,85.327,7252.795,500-1000km
62165,Snipesville,GA,86.0,530.5,Alabama,86000000.0,Rail,0.0021219999999999998,182491.99999999997,1003.7059999999999,85315.01,500-1000km
62173,SR Jonesborough,TN,4.4,468.8,Ohio,4400000.0,Truck,0.0037504,16501.760000000002,140.26496000000003,11922.521600000002,0-500km
62177,"Desert Harvest, LLC",CA,80.0,2262.0,Louisiana,80000000.0,Rail,0.009047999999999999,723839.9999999999,3981.12,338395.2,2000-3000km
62200,Hillcrest Solar,OH,200.0,276.8,Ohio,200000000.0,Truck,0.0022144,442880.0,3764.4800000000005,319980.80000000005,0-500km
62206,Hibiscus Solar Energy Center,FL,74.5,1097.7,Alabama,74500000.0,Rail,0.0043908,327114.60000000003,1799.1303,152926.0755,1000-1500km
62240,"Burgaw Solar, LLC",NC,5.0,857.9,Ohio,5000000.0,Rail,0.0034316,17158.0,94.369,8021.365,500-1000km
62288,"Valentine Solar, LLC",CA,111.2,2547.0,Louisiana,111200000.0,Rail,0.010188,1132905.5999999999,6230.9808,529633.368,2000-3000km
62329,"Jamesville Road Solar, LLC",NC,5.0,864.9,Ohio,5000000.0,Rail,0.0034595999999999997,17298.0,95.139,8086.815,500-1000km
62330,"Camden Dam Solar, LLC",NC,5.0,867.6,Ohio,5000000.0,Rail,0.0034704,17352.0,95.43599999999999,8112.0599999999995,500-1000km
62399,Sage Solar I-III,UT,57.6,2168.0,Louisiana,57600000.0,Rail,0.008672,499507.19999999995,2747.2896,233519.616,2000-3000km
62436,SR Arlington I,GA,20.0,423.0,Alabama,20000000.0,Truck,0.003384,67680.0,575.2800000000001,48898.80000000001,0-500km
62462,Muscle Shoals,AL,227.0,59.5,Alabama,227000000.0,Truck,0.00047599999999999997,108052.0,918.4420000000001,78067.57,0-500km
62463,Little Bear 3,CA,20.0,2751.0,Louisiana,20000000.0,Rail,0.011004,220080.0,1210.4399999999998,102887.39999999998,2000-3000km
62464,Little Bear 4,CA,50.0,2751.0,Louisiana,50000000.0,Rail,0.011004,550200.0,3026.1,257218.5,2000-3000km
62465,Little Bear 5,CA,50.0,2751.0,Louisiana,50000000.0,Rail,0.011004,550200.0,3026.1,257218.5,2000-3000km
62468,Music City Community Solar,TN,1.6,189.1,Ohio,1600000.0,Truck,0.0015128,2420.48,20.574080000000002,1748.7968,0-500km
62469,Cove Mountain Solar,UT,58.0,2182.4,Louisiana,58000000.0,Rail,0.0087296,506316.80000000005,2784.7424,236703.10400000002,2000-3000km
62470,Cove Mountain Solar 2,UT,122.0,2184.4,Louisiana,122000000.0,Rail,0.0087376,1065987.2,5862.9295999999995,498349.01599999995,2000-3000km
62491,Okeechobee Solar,FL,74.5,991.1,Alabama,74500000.0,Rail,0.0039644,295347.8,1624.4128999999998,138075.09649999999,500-1000km
62505,G.S.E. One LLC,TX,83.0,569.3,Louisiana,83000000.0,Rail,0.0022771999999999996,189007.59999999998,1039.5417999999997,88361.05299999997,500-1000km
62643,AZ State University - Tempe Campus Solar,AZ,0.1,1939.9,Louisiana,100000.0,Rail,0.0077596,775.96,4.26778,362.7613,1500-2000km
62643,AZ State University - Tempe Campus Solar,AZ,0.1,1939.9,Louisiana,100000.0,Rail,0.0077596,775.96,4.26778,362.7613,1500-2000km
62659,"Pecan Grove Solar, LLC",NC,5.0,912.2,Ohio,5000000.0,Rail,0.0036488000000000002,18244.0,100.342,8529.07,500-1000km
62660,"1025 Traveller Solar, LLC",NC,5.0,748.3,Ohio,5000000.0,Rail,0.0029931999999999997,14965.999999999998,82.31299999999999,6996.604999999999,500-1000km
62661,"1047 Little Mountain Solar, LLC",NC,3.0,613.1,Ohio,3000000.0,Rail,0.0024524,7357.2,40.464600000000004,3439.4910000000004,500-1000km
62662,"Ennis Solar, LLC",NC,5.0,784.8,Ohio,5000000.0,Rail,0.0031391999999999995,15695.999999999998,86.32799999999999,7337.879999999999,500-1000km
62667,Lafayette Horizon Solar CSG LLC,CO,1.6,1640.7,Louisiana,1600000.0,Rail,0.0065628,10500.48,57.75264000000001,4908.974400000001,1500-2000km
62675,Skipjack Solar Center,VA,175.0,714.7,Ohio,175000000.0,Rail,0.0028588,500290.0,2751.5950000000003,233885.575,500-1000km
62678,Crooked Run,NC,70.1,851.2,Ohio,70100000.0,Rail,0.0034048,238676.47999999998,1312.7206399999998,111581.25439999998,500-1000km
62679,Palmetto Plains,SC,75.0,623.4,Ohio,75000000.0,Rail,0.0024936,187020.0,1028.61,87431.84999999999,500-1000km
62691,Shiloh Hwy Solar,NC,5.0,876.8,Ohio,5000000.0,Rail,0.0035072,17536.0,96.448,8198.08,500-1000km
62692,Sandy Solar,NC,5.0,870.5,Ohio,5000000.0,Rail,0.003482,17410.0,95.755,8139.174999999999,500-1000km
62750,Little Manatee River Solar,FL,74.5,897.6,Alabama,74500000.0,Rail,0.0035904,267484.8,1471.1663999999998,125049.14399999999,500-1000km
62755,Prospero Solar,TX,300.0,1081.9,Louisiana,300000000.0,Rail,0.0043276,1298280.0,7140.54,606945.9,1000-1500km
62799,Winona Solar,MN,1.0,732.0,Ohio,1000000.0,Rail,0.002928,2928.0,16.104,1368.84,500-1000km
62800,Wabasha Solar,MN,1.0,750.5,Ohio,1000000.0,Rail,0.003002,3002.0,16.511,1403.435,500-1000km
62812,Milford Solar 1,UT,99.0,2162.3,Louisiana,99000000.0,Rail,0.008649200000000001,856270.8,4709.4894,400306.59900000005,2000-3000km
62893,Prairie Wolf Solar LLC,IL,200.0,429.8,Ohio,200000000.0,Truck,0.0034384,687680.0,5845.280000000001,496848.80000000005,0-500km
62899,East Line Solar,AZ,100.0,1900.4,Louisiana,100000000.0,Rail,0.0076016,760160.0,4180.88,355374.8,1500-2000km
62980,Turquoise Liberty Solar,NV,10.0,2734.9,Louisiana,10000000.0,Rail,0.0109396,109396.0,601.678,51142.63,2000-3000km
62996,ESA Four Oaks 2 NC LLC,NC,2.0,813.0,Ohio,2000000.0,Rail,0.0032519999999999997,6503.999999999999,35.772,3040.62,500-1000km
65042,Grove,FL,74.5,1003.9,Alabama,74500000.0,Rail,0.004015599999999999,299162.19999999995,1645.3921,139858.3285,1000-1500km
63027,Mars Solar,TX,10.0,741.9,Louisiana,10000000.0,Rail,0.0029676,29676.0,163.218,13873.529999999999,500-1000km
63061,Clover Creek Solar Community Solar,UT,80.0,2128.9,Louisiana,80000000.0,Rail,0.0085156,681248.0,3746.8639999999996,318483.43999999994,2000-3000km
63076,Gutenberg Solar,NC,79.9,767.9,Ohio,79900000.0,Rail,0.0030716,245420.84,1349.8146199999999,114734.24269999999,500-1000km
63083,Caden Energix Pamplin LLC,VA,15.7,626.0,Ohio,15700000.0,Rail,0.0025039999999999997,39312.799999999996,216.22039999999996,18378.733999999997,500-1000km
63084,Caden Energix Hickory LLC,VA,20.0,838.9,Ohio,20000000.0,Rail,0.0033556,67112.0,369.116,31374.86,500-1000km
63084,Caden Energix Hickory LLC,VA,12.0,838.9,Ohio,12000000.0,Rail,0.0033556,40267.2,221.46959999999996,18824.915999999997,500-1000km
63087,Caden Energix Rives Road LLC,VA,19.7,723.2,Ohio,19700000.0,Rail,0.0028928,56988.16,313.43488,26641.9648,500-1000km
63128,Iris Solar LLC,LA,50.0,179.0,Louisiana,50000000.0,Truck,0.001432,71600.0,608.6,51731.0,0-500km
63187,"FL Solar 4, LLC",FL,42.0,564.5,Alabama,42000000.0,Rail,0.002258,94836.0,521.598,44335.829999999994,500-1000km
63271,Huntley,SC,75.0,629.2,Ohio,75000000.0,Rail,0.0025168,188760.0,1038.1799999999998,88245.29999999999,500-1000km
63273,Wagyu,TX,120.0,381.5,Louisiana,120000000.0,Truck,0.003052,366240.0,3113.0400000000004,264608.4,0-500km
63300,Athos Solar Project,CA,250.0,2259.3,Louisiana,250000000.0,Rail,0.0090372,2259300.0,12426.15,1056222.75,2000-3000km
63304,"Allium Community Solar Garden, LLC",MN,1.0,990.8,Ohio,1000000.0,Rail,0.0039632,3963.2000000000003,21.7976,1852.7959999999998,500-1000km
63305,"Aster Community Solar Garden, LLC",MN,1.0,1013.3,Ohio,1000000.0,Rail,0.0040532,4053.2,22.292599999999997,1894.8709999999996,1000-1500km
63307,"Westport Community Solar, LLC",MN,1.0,986.6,Ohio,1000000.0,Rail,0.0039464,3946.4,21.705199999999998,1844.9419999999998,500-1000km
63308,"Marigold Community Solar Garden, LLC",MN,1.0,864.5,Ohio,1000000.0,Rail,0.0034579999999999997,3457.9999999999995,19.019,1616.6149999999998,500-1000km
63309,"Honeysuckle Solar, LLC",MN,1.0,920.3,Ohio,1000000.0,Rail,0.0036811999999999995,3681.1999999999994,20.246599999999997,1720.9609999999998,500-1000km
63311,"Lantana Solar, LLC",MN,1.0,1011.3,Ohio,1000000.0,Rail,0.0040452,4045.2,22.248599999999996,1891.1309999999996,1000-1500km
63312,"Hyacinth Solar, LLC",MN,1.0,842.4,Ohio,1000000.0,Rail,0.0033696,3369.6,18.532799999999998,1575.2879999999998,500-1000km
63313,"Coral Bells Solar, LLC",MN,1.0,863.7,Ohio,1000000.0,Rail,0.0034548,3454.8,19.0014,1615.119,500-1000km
63314,"Primrose Solar, LLC",MN,1.0,892.6,Ohio,1000000.0,Rail,0.0035704,3570.4,19.6372,1669.162,500-1000km
63315,"Kerria Solar, LLC",MN,1.0,1004.2,Ohio,1000000.0,Rail,0.0040168,4016.8,22.0924,1877.854,1000-1500km
63317,"Geranium Solar, LLC",MN,1.0,1011.8,Ohio,1000000.0,Rail,0.0040472,4047.2,22.2596,1892.0659999999998,1000-1500km
63318,"Bellflower Solar, LLC",MN,1.0,1024.5,Ohio,1000000.0,Rail,0.004098,4098.0,22.538999999999998,1915.8149999999998,1000-1500km
63319,"Iris Solar, LLC (MN)",MN,1.0,911.7,Ohio,1000000.0,Rail,0.0036468,3646.8,20.0574,1704.8790000000001,500-1000km
63320,Titan Solar Project,TX,260.0,1223.5,Louisiana,260000000.0,Rail,0.004894,1272440.0,6998.419999999999,594865.7,1000-1500km
63328,Juno Solar Project,TX,143.5,962.6,Louisiana,143500000.0,Rail,0.0038504,552532.4,3038.9282,258308.897,500-1000km
63328,Juno Solar Project,TX,162.1,962.6,Louisiana,162100000.0,Rail,0.0038504,624149.84,3432.8241199999998,291790.0502,500-1000km
63329,Aragorn Solar Project,TX,187.2,1222.2,Louisiana,187200000.0,Rail,0.0048888,915183.3599999999,5033.5084799999995,427848.22079999995,1000-1500km
63346,"Cubera Solar, LLC",NC,2.0,794.3,Ohio,2000000.0,Rail,0.0031772,6354.4,34.9492,2970.682,500-1000km
63349,OE_AZ1,AZ,32.5,2103.1,Louisiana,32500000.0,Rail,0.008412399999999999,273402.99999999994,1503.7165,127815.9025,2000-3000km
63350,OE_GA3,GA,57.5,479.0,Alabama,57500000.0,Truck,0.003832,220340.0,1872.89,159195.65,0-500km
63351,Bluebell Solar II,TX,115.0,887.0,Louisiana,115000000.0,Rail,0.003548,408020.0,2244.1099999999997,190749.34999999998,500-1000km
63377,"ESA Hamlet NC , LLC",NC,5.0,696.0,Ohio,5000000.0,Rail,0.002784,13920.0,76.56,6507.6,500-1000km
63388,Oxy Renewable Energy - Goldsmith,TX,16.8,1057.1,Louisiana,16800000.0,Rail,0.004228399999999999,71037.12,390.70415999999994,33209.853599999995,1000-1500km
63400,Stearns Solar I,MN,1.0,989.6,Ohio,1000000.0,Rail,0.0039584,3958.4,21.7712,1850.5520000000001,500-1000km
63401,Olinda Trail Solar,MN,1.0,849.9,Ohio,1000000.0,Rail,0.0033995999999999996,3399.5999999999995,18.697799999999997,1589.3129999999999,500-1000km
63402,New Munich Solar,MN,1.0,1003.9,Ohio,1000000.0,Rail,0.004015599999999999,4015.5999999999995,22.0858,1877.293,1000-1500km
63403,Clara City Solar,MN,1.0,1020.3,Ohio,1000000.0,Rail,0.004081199999999999,4081.1999999999994,22.446599999999997,1907.9609999999998,1000-1500km
63440,Sun Streams 2,AZ,150.0,2020.9,Louisiana,150000000.0,Rail,0.0080836,1212540.0,6668.969999999999,566862.45,2000-3000km
63449,Lang Solar Farm,NC,5.0,884.1,Ohio,5000000.0,Rail,0.0035364,17682.0,97.25099999999999,8266.335,500-1000km
63461,Bonefish Solar,SC,2.0,659.9,Ohio,2000000.0,Rail,0.0026395999999999998,5279.2,29.0356,2468.026,500-1000km
63495,Durrance,FL,60.0,911.0,Alabama,60000000.0,Rail,0.0036439999999999997,218639.99999999997,1202.52,102214.2,500-1000km
63517,Santa Fe Solar Power Plant,FL,74.9,677.6,Alabama,74900000.0,Rail,0.0027104,203008.96,1116.54928,94906.68879999999,500-1000km
63629,"Hydra Community Solar Garden, LLC (CSG)",MN,1.0,841.9,Ohio,1000000.0,Rail,0.0033675999999999997,3367.5999999999995,18.5218,1574.3529999999998,500-1000km
63732,"ESA Buies Creek, LLC",NC,2.8,785.4,Ohio,2800000.0,Rail,0.0031415999999999996,8796.48,48.38063999999999,4112.354399999999,500-1000km
63733,"Eros Solar, LLC",NC,5.0,841.6,Ohio,5000000.0,Rail,0.0033664,16832.0,92.576,7868.959999999999,500-1000km
63734,"Ventura Solar, LLC",NC,5.0,572.3,Ohio,5000000.0,Rail,0.0022892,11446.0,62.952999999999996,5351.004999999999,500-1000km
63753,"Platteville Solar CSG, LLC",CO,1.3,1639.1,Louisiana,1300000.0,Rail,0.0065563999999999996,8523.32,46.87826,3984.6521,1500-2000km
63764,Elm Branch Solar 1,TX,134.7,531.2,Louisiana,134700000.0,Rail,0.0021248,286210.56,1574.15808,133803.4368,500-1000km
63765,Black Bear Solar 1,AL,100.0,282.2,Alabama,100000000.0,Truck,0.0022576,225759.99999999997,1918.96,163111.6,0-500km
63766,Happy Solar 1,AR,95.0,403.9,Alabama,95000000.0,Truck,0.0032311999999999996,306963.99999999994,2609.1940000000004,221781.49000000005,0-500km
63769,Briar Creek Solar 1,TX,127.0,512.8,Louisiana,127000000.0,Rail,0.0020511999999999996,260502.39999999994,1432.7631999999996,121784.87199999997,500-1000km
63770,Bighorn Solar 1,CO,240.0,1491.0,Louisiana,240000000.0,Rail,0.005964,1431360.0,7872.48,669160.7999999999,1000-1500km
63774,Mount Kisco Landfill Solar & Storage CSG,NY,1.0,814.4,Ohio,1000000.0,Rail,0.0032576,3257.6,17.9168,1522.9279999999999,500-1000km
63801,St. Joseph Solar,IN,20.0,207.0,Ohio,20000000.0,Truck,0.001656,33120.0,281.52000000000004,23929.200000000004,0-500km
63814,SR Odom,GA,20.0,522.7,Alabama,20000000.0,Rail,0.0020908000000000003,41816.00000000001,229.988,19548.98,500-1000km
63835,"Pilot Mountain Solar, LLC",NC,4.9,651.5,Ohio,4900000.0,Rail,0.002606,12769.4,70.2317,5969.6945000000005,500-1000km
63836,"Benson Solar, LLC",NC,4.9,799.1,Ohio,4900000.0,Rail,0.0031964,15662.359999999999,86.14298000000001,7322.153300000001,500-1000km
63929,Troy Solar,IN,50.4,381.7,Ohio,50400000.0,Truck,0.0030535999999999996,153901.43999999997,1308.16224,111193.79040000001,0-500km
63965,"Danville Farm, LLC",VA,12.0,665.6,Ohio,12000000.0,Rail,0.0026624,31948.800000000003,175.7184,14936.064,500-1000km
63976,Bay Tree,NC,70.1,813.1,Ohio,70100000.0,Rail,0.0032524,227993.24,1253.96282,106586.8397,500-1000km
64001,"Camellia Solar, LLC",MN,1.0,1046.4,Ohio,1000000.0,Rail,0.0041856,4185.6,23.0208,1956.768,1000-1500km
64002,"Buttercup Solar, LLC",NC,5.0,851.2,Ohio,5000000.0,Rail,0.0034048,17024.0,93.63199999999999,7958.719999999999,500-1000km
64010,"Energix Hollyfield, LLC",VA,13.0,696.6,Ohio,13000000.0,Rail,0.0027864,36223.200000000004,199.22760000000002,16934.346,500-1000km
64012,"Energix Nokesville, LLC",VA,20.0,598.7,Ohio,20000000.0,Rail,0.0023948,47896.0,263.428,22391.38,500-1000km
64015,"Energix Buckingham, LLC",VA,20.0,633.1,Ohio,20000000.0,Rail,0.0025324,50648.00000000001,278.56399999999996,23677.94,500-1000km
64021,Alden Solar CSG LLC,CO,1.6,1643.2,Louisiana,1600000.0,Rail,0.0065728,10516.48,57.84064000000001,4916.4544000000005,1500-2000km
64024,"Monte Vista Solar 2 CSG, LLC",CO,1.6,1567.0,Louisiana,1600000.0,Rail,0.006268,10028.800000000001,55.1584,4688.464,1500-2000km
64072,Camp Ripley Solar,MN,10.9,995.1,Ohio,10900000.0,Rail,0.0039804,43386.36,238.62498,20283.1233,500-1000km
64079,CatanSolar,TX,10.0,583.9,Louisiana,10000000.0,Rail,0.0023355999999999997,23355.999999999996,128.458,10918.93,500-1000km
64103,Desert Harvest II LLC,CA,70.0,2262.0,Louisiana,70000000.0,Rail,0.009047999999999999,633359.9999999999,3483.48,296095.8,2000-3000km
64150,Lancaster Solar GA,GA,80.0,391.5,Alabama,80000000.0,Truck,0.003132,250559.99999999997,2129.76,181029.6,0-500km
64151,SR Perry,GA,68.0,408.6,Alabama,68000000.0,Truck,0.0032688,222278.4,1889.3664000000003,160596.14400000003,0-500km
64152,SR Rattlesnake,CO,6.0,1606.8,Louisiana,6000000.0,Rail,0.006427199999999999,38563.2,212.09759999999997,18028.296,1500-2000km
64160,SR North Stonington,CT,12.0,971.5,Ohio,12000000.0,Rail,0.0038859999999999997,46632.0,256.476,21800.46,500-1000km
64191,SR Lumpkin,GA,100.0,372.3,Alabama,100000000.0,Truck,0.0029784,297840.0,2531.6400000000003,215189.40000000002,0-500km
64266,Alamosa Solar South CSG,CO,1.6,1542.0,Louisiana,1600000.0,Rail,0.006168,9868.8,54.278400000000005,4613.664000000001,1500-2000km
64290,"SE Athos II, LLC",CA,200.0,2259.3,Louisiana,200000000.0,Rail,0.0090372,1807440.0,9940.92,844978.2,2000-3000km
64325,Prospero Solar II,TX,250.0,1082.1,Louisiana,250000000.0,Rail,0.0043284,1082100.0,5951.549999999999,505881.74999999994,1000-1500km
64347,Mockingbird Solar Center,TX,471.0,513.3,Louisiana,471000000.0,Rail,0.0020532,967057.2,5318.8146,452099.241,500-1000km
64363,"ESA Boston Solar, LLC",NC,5.0,693.7,Ohio,5000000.0,Rail,0.0027748,13874.0,76.307,6486.095,500-1000km
64366,"Trojan Solar, LLC",NC,5.0,832.9,Ohio,5000000.0,Rail,0.0033315999999999997,16658.0,91.619,7787.615,500-1000km
64367,"Zuma Solar, LLC",NC,3.0,667.0,Ohio,3000000.0,Rail,0.002668,8003.999999999999,44.022,3741.87,500-1000km
64427,Copperton Solar Plant No. 1,UT,5.0,2179.4,Louisiana,5000000.0,Rail,0.0087176,43588.0,239.73399999999998,20377.39,2000-3000km
64469,Wing,AL,80.0,405.3,Alabama,80000000.0,Truck,0.0032424,259392.0,2204.8320000000003,187410.72000000003,0-500km
64476,"Swansboro Solar, LLC",NC,4.9,920.8,Ohio,4900000.0,Rail,0.0036831999999999998,18047.68,99.26223999999999,8437.2904,500-1000km
64477,"Suncaster, LLC",NC,2.4,832.0,Ohio,2400000.0,Rail,0.003328,7987.2,43.92959999999999,3734.0159999999996,500-1000km
64478,"1034 Catherine Lake Solar, LLC",NC,4.9,894.5,Ohio,4900000.0,Rail,0.003578,17532.2,96.4271,8196.3035,500-1000km
64514,Ludie Brown Solar Energy Storage,NC,2.0,869.7,Ohio,2000000.0,Rail,0.0034788,6957.6,38.266799999999996,3252.678,500-1000km
64566,"Central Line Solar, LLC",AZ,100.0,1900.5,Louisiana,100000000.0,Rail,0.007601999999999999,760199.9999999999,4181.099999999999,355393.49999999994,1500-2000km
64631,Jamison Solar (FL),FL,74.5,909.8,Alabama,74500000.0,Rail,0.0036391999999999996,271120.39999999997,1491.1621999999998,126748.78699999998,500-1000km
64637,Big River Solar,IL,149.0,393.5,Ohio,149000000.0,Truck,0.0031479999999999998,469051.99999999994,3986.9420000000005,338890.07000000007,0-500km
64641,Big Bend II Solar,FL,45.8,889.9,Alabama,45800000.0,Rail,0.0035595999999999996,163029.68,896.6632399999999,76216.37539999999,500-1000km
64657,Magnolia Solar,FL,74.5,894.5,Alabama,74500000.0,Rail,0.003578,266561.0,1466.0855,124617.26749999999,500-1000km
64727,Brookwood Drive Community Solar,MA,5.0,1029.8,Ohio,5000000.0,Rail,0.0041192,20596.0,113.27799999999999,9628.63,1000-1500km
64730,IL17021 Brush Creek I CSG,IL,2.0,506.4,Ohio,2000000.0,Rail,0.0020256,4051.2,22.281599999999997,1893.9359999999997,500-1000km
64817,"Energix Leatherwood, LLC",VA,20.0,637.9,Ohio,20000000.0,Rail,0.0025516,51031.99999999999,280.676,23857.46,500-1000km
64838,"SR Clay, LLC",GA,106.0,406.4,Alabama,106000000.0,Truck,0.0032511999999999997,344627.19999999995,2929.3311999999996,248993.15199999997,0-500km
64840,"SR Cedar Springs, LLC",GA,70.0,426.2,Alabama,70000000.0,Truck,0.0034095999999999996,238671.99999999997,2028.7120000000002,172440.52000000002,0-500km
64841,"SR DeSoto I, LLC",GA,165.0,428.3,Alabama,165000000.0,Truck,0.0034264,565356.0,4805.526000000001,408469.7100000001,0-500km
64842,"SR Turkey Creek, LLC",KY,50.0,412.1,Ohio,50000000.0,Truck,0.0032968,164840.0,1401.14,119096.90000000001,0-500km
64859,"IP Radian, LLC",TX,320.0,727.7,Louisiana,320000000.0,Rail,0.0029108,931456.0,5123.008,435455.68,500-1000km
64877,Edwards Sanborn E3,CA,27.1,2524.0,Louisiana,27100000.0,Rail,0.010095999999999999,273601.6,1504.8088,127908.748,2000-3000km
64878,Edwards Sanborn E1A,CA,149.3,2523.9,Louisiana,149300000.0,Rail,0.0100956,1507273.0799999998,8290.00194,704650.1649,2000-3000km
64879,Edwards Sanborn E2,CA,137.8,2524.1,Louisiana,137800000.0,Rail,0.010096399999999998,1391283.9199999997,7652.06156,650425.2326,2000-3000km
64928,Edwards Sanborn S3,CA,37.7,2524.3,Louisiana,37700000.0,Rail,0.0100972,380664.44,2093.6544200000003,177960.62570000003,2000-3000km
64929,Edwards Sanborn S1,CA,44.6,2525.4,Louisiana,44600000.0,Rail,0.0101016,450531.36000000004,2477.92248,210623.4108,2000-3000km
64971,Pretzel CSG,IL,2.0,500.8,Ohio,2000000.0,Rail,0.0020032,4006.4,22.0352,1872.992,500-1000km
65007,Grant County,WI,200.0,597.2,Ohio,200000000.0,Rail,0.0023888,477760.0,2627.6800000000003,223352.80000000002,500-1000km
65008,Onion River,WI,150.0,416.8,Ohio,150000000.0,Truck,0.0033344,500160.0,4251.360000000001,361365.60000000003,0-500km
65012,Crawfish River,WI,75.0,460.6,Ohio,75000000.0,Truck,0.0036848000000000002,276360.0,2349.06,199670.1,0-500km
65030,Oxbow Solar 1,LA,300.0,88.1,Louisiana,300000000.0,Truck,0.0007047999999999999,211439.99999999997,1797.2400000000002,152765.40000000002,0-500km
65031,Bellflower Solar 1,IN,152.5,248.0,Ohio,152500000.0,Truck,0.001984,302560.0,2571.76,218599.6,0-500km
65032,Sun Mountain Solar 1,CO,200.0,1483.6,Louisiana,200000000.0,Rail,0.005934399999999999,1186879.9999999998,6527.839999999999,554866.3999999999,1000-1500km
65037,Sawgrass Solar Energy Center,FL,74.5,1091.5,Alabama,74500000.0,Rail,0.004366,325267.0,1788.9685,152062.3225,1000-1500km
65038,Ghost Orchid Solar Energy Center,FL,74.5,1089.1,Alabama,74500000.0,Rail,0.0043564,324551.8,1785.0348999999999,151727.96649999998,1000-1500km
65039,Sundew,FL,74.5,1038.3,Alabama,74500000.0,Rail,0.004153199999999999,309413.39999999997,1701.7736999999997,144650.7645,1000-1500km
65040,Immokalee,FL,74.5,1063.2,Alabama,74500000.0,Rail,0.0042528,316833.60000000003,1742.5848,148119.708,1000-1500km
65041,Elder Branch,FL,74.5,914.5,Alabama,74500000.0,Rail,0.003658,272521.0,1498.8654999999999,127403.56749999999,500-1000km
65053,Blythe Mesa Solar II,CA,223.6,2196.1,Louisiana,223600000.0,Rail,0.0087844,1964191.8399999999,10803.055119999999,918259.6852,2000-3000km
65066,Hoot Lake Solar,MN,49.9,1123.3,Ohio,49900000.0,Rail,0.004493199999999999,224210.67999999996,1233.1587399999999,104818.49289999998,1000-1500km
65151,"Energix Aditya, LLC",VA,11.5,619.6,Ohio,11500000.0,Rail,0.0024784,28501.6,156.7588,13324.498000000001,500-1000km
65170,Hildreth Solar Power Plant,FL,74.9,664.8,Alabama,74900000.0,Rail,0.0026591999999999996,199174.07999999996,1095.45744,93113.88239999999,500-1000km
65171,Bay Ranch Solar Power Plant,FL,74.9,521.7,Alabama,74900000.0,Rail,0.0020868,156301.32,859.6572600000002,73070.86710000002,500-1000km
65172,High Springs Solar Power Plant,FL,74.9,689.3,Alabama,74900000.0,Rail,0.0027571999999999996,206514.27999999997,1135.82854,96545.4259,500-1000km
65173,Hardeetown Solar Power Plant,FL,74.9,706.5,Alabama,74900000.0,Rail,0.002826,211667.4,1164.1707000000001,98954.50950000001,500-1000km
65219,"Caden Energix Endless Caverns, LLC",VA,31.4,528.3,Ohio,31400000.0,Rail,0.0021131999999999995,66354.47999999998,364.94963999999993,31020.719399999994,500-1000km
65224,"Apple Grove Solar, LLC",VA,18.6,632.8,Ohio,18600000.0,Rail,0.0025311999999999995,47080.31999999999,258.94176,22010.0496,500-1000km
65225,"Waverly Solar, LLC",VA,118.0,749.0,Ohio,118000000.0,Rail,0.002996,353528.0,1944.404,165274.34,500-1000km
65314,Caden Energix Wytheville LLC,VA,20.0,556.8,Ohio,20000000.0,Rail,0.0022272,44544.0,244.992,20824.32,500-1000km
65319,Maplewood Solar,VA,120.0,636.7,Ohio,120000000.0,Rail,0.0025468,305616.0,1680.888,142875.47999999998,500-1000km
65333,Shakes Solar,TX,200.0,790.4,Louisiana,200000000.0,Rail,0.0031615999999999997,632319.9999999999,3477.7599999999998,295609.6,500-1000km
65376,SR Snipesville II,GA,107.0,533.4,Alabama,107000000.0,Rail,0.0021336,228295.19999999998,1255.6236,106728.006,500-1000km
65420,Bluefield Preserve Solar,FL,74.5,1032.9,Alabama,74500000.0,Rail,0.0041316,307804.2,1692.9231,143898.4635,1000-1500km
65422,FPL Chipola River Solar Energy Center,FL,74.5,498.4,Alabama,74500000.0,Truck,0.0039872,297046.39999999997,2524.8943999999997,214616.02399999998,0-500km
65423,Everglades Solar Energy Center,FL,74.5,1197.2,Alabama,74500000.0,Rail,0.0047888,356765.60000000003,1962.2108,166787.918,1000-1500km
65424,First City Solar Energy Center,FL,74.5,409.9,Alabama,74500000.0,Truck,0.0032791999999999995,244300.39999999997,2076.5534000000002,176507.03900000002,0-500km
65427,FPL Flowers Creek Solar Energy Center,FL,74.5,495.6,Alabama,74500000.0,Truck,0.0039648,295377.60000000003,2510.7096000000006,213410.31600000005,0-500km
65428,Pink Trial Solar Energy Center,FL,74.5,1035.6,Alabama,74500000.0,Rail,0.004142399999999999,308608.79999999993,1697.3483999999999,144274.614,1000-1500km
65432,Apalachee,FL,74.5,475.2,Alabama,74500000.0,Truck,0.0038015999999999996,283219.19999999995,2407.3632000000002,204625.87200000003,0-500km
65433,Blackwater River Solar Energy Center,FL,74.5,441.4,Alabama,74500000.0,Truck,0.0035311999999999995,263074.39999999997,2236.1324,190071.254,0-500km
65438,FPL Cavendish Solar Energy Center,FL,74.5,990.8,Alabama,74500000.0,Rail,0.0039632,295258.4,1623.9211999999998,138033.30199999997,500-1000km
65532,Baldwin,ME,5.0,1067.0,Ohio,5000000.0,Rail,0.004268,21340.0,117.36999999999999,9976.449999999999,1000-1500km
65533,Augusta,ME,2.5,1153.2,Ohio,2500000.0,Rail,0.0046128,11532.0,63.425999999999995,5391.209999999999,1000-1500km
65534,Monmouth,ME,5.0,1132.2,Ohio,5000000.0,Rail,0.0045288,22644.0,124.54199999999999,10586.07,1000-1500km
65550,Tinker (NC),NC,4.8,750.3,Ohio,4800000.0,Rail,0.0030012,14405.76,79.23167999999998,6734.692799999999,500-1000km
65552,Henry Farm,NC,5.0,713.5,Ohio,5000000.0,Rail,0.0028539999999999998,14269.999999999998,78.485,6671.225,500-1000km
65553,Kalish Farm Solar,NC,5.0,693.6,Ohio,5000000.0,Rail,0.0027743999999999998,13871.999999999998,76.29599999999999,6485.159999999999,500-1000km
65629,SR McKellar,TN,70.0,184.1,Alabama,70000000.0,Truck,0.0014727999999999998,103095.99999999999,876.316,74486.86,0-500km
65630,SR Bell Buckle,TN,35.0,130.9,Ohio,35000000.0,Truck,0.0010472,36652.0,311.54200000000003,26481.070000000003,0-500km
65638,SR Greenville I,TN,4.8,455.8,Ohio,4800000.0,Truck,0.0036463999999999997,17502.719999999998,148.77312000000003,12645.715200000002,0-500km
65639,SR Greenville II,TN,4.8,448.0,Ohio,4800000.0,Truck,0.003584,17203.2,146.2272,12429.312000000002,0-500km
65640,SR Bolivar,TN,3.3,174.0,Alabama,3300000.0,Truck,0.001392,4593.6,39.0456,3318.876,0-500km
65641,SR Paris,TN,6.8,225.3,Ohio,6800000.0,Truck,0.0018024,12256.32,104.17872,8855.1912,0-500km
65642,SR Jackson II,TN,1.0,185.6,Alabama,1000000.0,Truck,0.0014847999999999999,1484.8,12.620800000000001,1072.768,0-500km
65644,Lumina II Solar Project,TX,326.6,908.8,Louisiana,326600000.0,Rail,0.0036351999999999995,1187256.3199999998,6529.90976,555042.3295999999,500-1000km
65645,Lumina Solar Project,TX,326.6,930.4,Louisiana,326600000.0,Rail,0.0037216,1215474.56,6685.1100799999995,568234.3568,500-1000km
65671,Cattail (CSG),IL,2.0,540.7,Ohio,2000000.0,Rail,0.0021628,4325.599999999999,23.7908,2022.218,500-1000km
65674,Edwards Sanborn E1B,CA,154.4,2521.2,Louisiana,154400000.0,Rail,0.0100848,1557093.1199999999,8564.012159999998,727941.0335999998,2000-3000km
65675,Edwards Sanborn E4,CA,148.9,2520.4,Louisiana,148900000.0,Rail,0.0100816,1501150.24,8256.32632,701787.7372,2000-3000km
65676,Edwards Sanborn E5,CA,68.0,2519.7,Louisiana,68000000.0,Rail,0.010078799999999999,685358.3999999999,3769.471199999999,320405.0519999999,2000-3000km
65677,Edwards Sanborn S4,CA,41.2,2524.0,Louisiana,41200000.0,Rail,0.010095999999999999,415955.19999999995,2287.7536,194459.056,2000-3000km
65683,Juniper Solar (FL),FL,70.0,864.2,Alabama,70000000.0,Rail,0.0034568,241976.0,1330.868,113123.78,500-1000km
65684,Laurel Oaks Solar,FL,61.2,892.6,Alabama,61200000.0,Rail,0.0035704,218508.48,1201.79664,102152.7144,500-1000km
65687,Riverside Solar,FL,55.2,895.3,Alabama,55200000.0,Rail,0.0035811999999999997,197682.24,1087.2523199999998,92416.44719999998,500-1000km
65711,Vikings Energy Farm,CA,136.8,2245.9,Louisiana,136800000.0,Rail,0.0089836,1228956.48,6759.26064,574537.1544,2000-3000km
65734,Oberon Solar Project,CA,250.0,2261.6,Louisiana,250000000.0,Rail,0.0090464,2261600.0,12438.8,1057298.0,2000-3000km
65735,Oberon II Solar Project,CA,250.0,2261.6,Louisiana,250000000.0,Rail,0.0090464,2261600.0,12438.8,1057298.0,2000-3000km
65759,Putnam Erikson 2,GA,2.9,396.3,Alabama,2900000.0,Truck,0.0031704,9194.16,78.15036,6642.780600000001,0-500km
65772,Big Bend Floating Solar I,FL,1.0,889.0,Alabama,1000000.0,Rail,0.0035559999999999997,3555.9999999999995,19.558,1662.43,500-1000km
65947,Tres Bahias,TX,196.3,478.0,Louisiana,196300000.0,Truck,0.0038239999999999997,750651.2,6380.535200000001,542345.4920000001,0-500km
65975,Starr Solar Ranch,TX,136.0,803.4,Louisiana,136000000.0,Rail,0.0032135999999999996,437049.6,2403.7727999999997,204320.68799999997,500-1000km
65976,Prairie Ronde Solar Farm,LA,135.0,80.8,Louisiana,135000000.0,Truck,0.0006464,87264.0,741.744,63048.240000000005,0-500km
65981,Second Division Solar,TX,100.0,391.3,Louisiana,100000000.0,Truck,0.0031303999999999998,313040.0,2660.84,226171.40000000002,0-500km
65996,Harmony Solar,ME,4.9,1186.9,Ohio,4900000.0,Rail,0.0047476,23263.24,127.94782000000002,10875.564700000003,1000-1500km
66046,Brazoria County Solar Project (Danciger),TX,200.0,392.9,Louisiana,200000000.0,Truck,0.0031431999999999996,628639.9999999999,5343.4400000000005,454192.4,0-500km
66103,"Blue Elk III Solar, LLC",MI,20.0,133.1,Ohio,20000000.0,Truck,0.0010647999999999999,21295.999999999996,181.01600000000002,15386.360000000002,0-500km
66104,"Blue Elk VII Solar, LLC",MI,12.5,163.2,Ohio,12500000.0,Truck,0.0013055999999999999,16319.999999999998,138.72,11791.2,0-500km
66112,Newport Solar Project,AR,180.0,374.0,Alabama,180000000.0,Truck,0.002992,538560.0,4577.76,389109.60000000003,0-500km
66125,"West Line Solar, LLC",AZ,100.0,1898.6,Louisiana,100000000.0,Rail,0.007594399999999999,759439.9999999999,4176.92,355038.2,1500-2000km
66128,Lake Mabel Solar and Battery Storage,FL,74.5,912.7,Alabama,74500000.0,Rail,0.0036508,271984.6,1495.9153000000001,127152.80050000001,500-1000km
66129,Dover Solar and Battery Storage,FL,25.0,882.9,Alabama,25000000.0,Rail,0.0035315999999999998,88290.0,485.59499999999997,41275.575,500-1000km
66140,PNA Rossford Solar Array,OH,1.4,5.6,Ohio,1400000.0,Truck,4.48e-05,62.72,0.5331199999999999,45.3152,0-500km
66171,SR Snipesville III,GA,107.0,530.6,Alabama,107000000.0,Rail,0.0021224,227096.8,1249.0324,106167.754,500-1000km
66172,SR DeSoto II,GA,65.0,428.7,Alabama,65000000.0,Truck,0.0034295999999999997,222923.99999999997,1894.854,161062.59,0-500km
66173,SR Ailey,GA,80.0,515.7,Alabama,80000000.0,Rail,0.0020628,165024.0,907.632,77148.72,500-1000km
66263,Eleven Mile Solar Center,AZ,300.0,1903.0,Louisiana,300000000.0,Rail,0.007612,2283600.0,12559.8,1067583.0,1500-2000km
66532,BCE Los Alamitos 2,CA,10.0,2508.2,Louisiana,10000000.0,Rail,0.010032799999999998,100327.99999999999,551.804,46903.34,2000-3000km
66533,BCE Los Alamitos 1,CA,10.0,2509.5,Louisiana,10000000.0,Rail,0.010038,100380.0,552.0899999999999,46927.649999999994,2000-3000km
66572,Highpeak Solar 1,TX,10.0,943.9,Louisiana,10000000.0,Rail,0.0037755999999999996,37755.99999999999,207.658,17650.93,500-1000km
66623,Harvest Gold Solar,MS,99.0,332.1,Alabama,99000000.0,Truck,0.0026568,263023.2,2235.6972,190034.26200000002,0-500km
66624,Double Back Diamond,IL,592.8,568.4,Ohio,592800000.0,Rail,0.0022735999999999998,1347790.0799999998,7412.845439999999,630091.8624,500-1000km
66634,Adams Solar LLC PA,PA,80.0,564.2,Ohio,80000000.0,Rail,0.0022568,180544.00000000003,992.992,84404.31999999999,500-1000km
66635,Caden Energix Axton LLC,VA,66.0,637.8,Ohio,66000000.0,Rail,0.0025511999999999996,168379.19999999998,926.0855999999999,78717.27599999998,500-1000km
66639,Falmouth Renewable Energy Center,FL,74.9,611.9,Alabama,74900000.0,Rail,0.0024476,183325.24,1008.2888200000001,85704.5497,500-1000km
66699,Lockhart Solar PV II,CA,84.4,2454.6,Louisiana,84400000.0,Rail,0.0098184,828672.96,4557.70128,387404.60880000005,2000-3000km
66818,SR Russellville,KY,173.0,245.4,Ohio,173000000.0,Truck,0.0019632,339633.6,2886.8856000000005,245385.27600000004,0-500km
66821,Orion III Solar Project,TX,250.0,522.4,Louisiana,250000000.0,Rail,0.0020895999999999996,522399.9999999999,2873.2,244221.99999999997,500-1000km
66825,SR DeSoto III,GA,60.0,430.7,Alabama,60000000.0,Truck,0.0034455999999999996,206735.99999999997,1757.256,149366.76,0-500km
66859,Orion I Solar Project,TX,200.0,511.7,Louisiana,200000000.0,Rail,0.0020467999999999997,409359.99999999994,2251.48,191375.8,500-1000km
66898,Fort Martin Solar,WV,18.9,366.6,Ohio,18900000.0,Truck,0.0029328,55429.920000000006,471.15432000000004,40048.1172,0-500km
66900,Rivesville Solar,WV,5.5,368.5,Ohio,5500000.0,Truck,0.0029479999999999997,16213.999999999998,137.81900000000002,11714.615000000002,0-500km
66921,English Creek Solar,FL,23.0,890.9,Alabama,23000000.0,Rail,0.0035635999999999997,81962.79999999999,450.7954,38317.609,500-1000km
66925,SR McNeal,AZ,20.0,1717.9,Louisiana,20000000.0,Rail,0.0068716,137432.0,755.876,64249.46,1500-2000km
66941,Orion II Solar Project,TX,250.0,506.3,Louisiana,250000000.0,Rail,0.0020252,506300.0,2784.6499999999996,236695.24999999997,500-1000km
66954,Umbriel Solar,TX,150.0,297.2,Louisiana,150000000.0,Truck,0.0023775999999999997,356639.99999999994,3031.44,257672.4,0-500km
66955,Three Corners Solar,ME,110.0,1185.4,Ohio,110000000.0,Rail,0.0047416,521576.00000000006,2868.668,243836.78,1000-1500km
66956,Pittsfield Solar (N. Main St),ME,4.9,1196.1,Ohio,4900000.0,Rail,0.004784399999999999,23443.559999999998,128.93958,10959.864300000001,1000-1500km
67018,Wild Springs,SD,128.0,1588.0,Ohio,128000000.0,Rail,0.006352,813056.0,4471.808,380103.68,1500-2000km
67019,"Copperhead Solar, LLC",TX,150.0,511.5,Louisiana,150000000.0,Rail,0.002046,306900.0,1687.9499999999998,143475.74999999997,500-1000km
67079,"SR Clarksville, LLC",TN,2.0,213.2,Ohio,2000000.0,Truck,0.0017055999999999998,3411.2,28.9952,2464.592,0-500km
67080,"SR Clarksville II, LLC",TN,4.8,213.0,Ohio,4800000.0,Truck,0.001704,8179.2,69.5232,5909.472000000001,0-500km
67081,"Sr Byhalia, LLC",MS,4.8,219.5,Alabama,4800000.0,Truck,0.001756,8428.8,71.6448,6089.808,0-500km
67082,"SR Franklin, LLC",KY,2.5,243.6,Ohio,2500000.0,Truck,0.0019487999999999999,4872.0,41.412000000000006,3520.0200000000004,0-500km
67127,"SR Toombs, LLC",GA,250.0,519.6,Alabama,250000000.0,Rail,0.0020784,519600.00000000006,2857.7999999999997,242912.99999999997,500-1000km
67130,"SR Panola II, LLC",MS,4.8,242.6,Alabama,4800000.0,Truck,0.0019408,9315.84,79.18464,6730.6944,0-500km
67131,"SR Panola III, LLC",MS,3.5,250.1,Alabama,3500000.0,Truck,0.0020008,7002.8,59.52380000000001,5059.523000000001,0-500km
67132,"SR Panola I, LLC",MS,4.8,250.0,Alabama,4800000.0,Truck,0.002,9600.0,81.60000000000001,6936.000000000001,0-500km
67158,"SR Marion, LLC",TN,1.3,193.9,Ohio,1300000.0,Truck,0.0015512,2016.56,17.140760000000004,1456.9646000000002,0-500km
67164,"SR Warren, LLC",KY,3.5,243.4,Ohio,3500000.0,Truck,0.0019472,6815.2,57.9292,4923.982,0-500km
67167,Louise Solar,MN,50.0,774.0,Ohio,50000000.0,Rail,0.003096,154800.0,851.4,72369.0,500-1000km
67168,Fillmore County Solar Project,MN,45.0,748.2,Ohio,45000000.0,Rail,0.0029928,134676.0,740.718,62961.03,500-1000km
67171,Foxhound,VA,83.0,667.2,Ohio,83000000.0,Rail,0.0026688000000000003,221510.40000000002,1218.3072,103556.112,500-1000km
67178,Mohave Energy - Hybrid,AZ,17.6,2200.9,Louisiana,17600000.0,Rail,0.0088036,154943.36,852.18848,72436.0208,2000-3000km
67192,"SR White Pine, LLC",TN,2.0,400.1,Ohio,2000000.0,Truck,0.0032008,6401.6,54.41360000000001,4625.156000000001,0-500km
67203,Bullfrog Creek Solar,FL,74.5,906.3,Alabama,74500000.0,Rail,0.0036252,270077.39999999997,1485.4256999999998,126261.18449999997,500-1000km
67285,Sun Streams 3,AZ,215.0,2020.6,Louisiana,215000000.0,Rail,0.0080824,1737716.0,9557.438,812382.23,2000-3000km
67298,"SR Canadaville, LLC",TN,16.0,218.2,Alabama,16000000.0,Truck,0.0017456,27929.6,237.4016,20179.136,0-500km
67507,ACC,AR,2.0,482.2,Louisiana,2000000.0,Truck,0.0038575999999999997,7715.199999999999,65.5792,5574.232,0-500km
67513,ADC Varner,AR,4.9,403.7,Alabama,4900000.0,Truck,0.0032295999999999996,15825.039999999997,134.51284,11433.591400000001,0-500km
67514,City of Green Forest (Carroll),AR,1.2,599.4,Alabama,1200000.0,Rail,0.0023975999999999997,2877.12,15.82416,1345.0536,500-1000km
67515,Crossett SD,AR,1.0,353.1,Louisiana,1000000.0,Truck,0.0028248,2824.8,24.010800000000003,2040.9180000000003,0-500km
67516,CSU Sacramento I,CA,1.3,2870.4,Louisiana,1300000.0,Rail,0.0114816,14926.08,82.09344,6977.9424,2000-3000km
67517,El Dorado AR,AR,1.8,370.2,Louisiana,1800000.0,Truck,0.0029615999999999996,5330.879999999999,45.31248,3851.5608,0-500km
67518,Fayetteville Public Schools (Ozarks),AR,1.0,630.6,Alabama,1000000.0,Rail,0.0025224,2522.4,13.873199999999999,1179.222,500-1000km
67519,Fayetteville Public Schools (SWEPCO),AR,4.0,603.7,Alabama,4000000.0,Rail,0.0024148,9659.199999999999,53.1256,4515.6759999999995,500-1000km
67520,LRWRA,AR,4.0,603.7,Alabama,4000000.0,Rail,0.0024148,9659.199999999999,53.1256,4515.6759999999995,500-1000km
67521,Rivercrest SD,AR,1.0,280.1,Alabama,1000000.0,Truck,0.0022408000000000003,2240.8,19.046800000000005,1618.9780000000003,0-500km
67522,Searcy Water I,AR,1.0,410.5,Alabama,1000000.0,Truck,0.003284,3284.0,27.914,2372.69,0-500km
67523,Searcy Water II,AR,2.8,410.1,Alabama,2800000.0,Truck,0.0032808,9186.24,78.08304,6637.0584,0-500km
67524,Southside SD,AR,1.0,449.4,Alabama,1000000.0,Truck,0.0035952,3595.2,30.5592,2597.532,0-500km
67526,UADA,AR,2.8,482.2,Louisiana,2800000.0,Truck,0.0038575999999999997,10801.279999999999,91.81088,7803.9248,0-500km
67527,White River Medical Center,AR,2.9,378.2,Alabama,2900000.0,Truck,0.0030256,8774.24,74.58104,6339.3884,0-500km
67580,Markum Solar Farm,TX,161.0,566.3,Louisiana,161000000.0,Rail,0.0022651999999999998,364697.19999999995,2005.8345999999997,170495.94099999996,500-1000km
67835,Costa View Farms,CA,5.0,2745.7,Louisiana,5000000.0,Rail,0.0109828,54913.99999999999,302.027,25672.295,2000-3000km
67868,Harris Farms Solar Facility,CA,1.3,2728.2,Louisiana,1300000.0,Rail,0.010912799999999999,14186.639999999998,78.02651999999999,6632.254199999999,2000-3000km
67964,Agave,AZ,150.0,2023.1,Louisiana,150000000.0,Rail,0.0080924,1213860.0,6676.23,567479.5499999999,2000-3000km
68147,Coffeen Solar BESS,IL,44.2,530.5,Ohio,44200000.0,Rail,0.0021219999999999998,93792.4,515.8582,43847.947,500-1000km
68148,Baldwin Solar BESS,IL,68.4,461.4,Ohio,68400000.0,Truck,0.0036911999999999995,252478.07999999996,2146.06368,182415.41280000002,0-500km
68474,Peacock Energy Project,TX,150.0,585.5,Louisiana,150000000.0,Rail,0.002342,351300.0,1932.1499999999999,164232.75,500-1000km
68808,Dos Palos Cooperative Gin,CA,1.0,2775.8,Louisiana,1000000.0,Rail,0.0111032,11103.2,61.0676,5190.746,2000-3000km
